"","Compound","m/z","CCS/z","rsd","X curve","Y curve","CI lo","CI hi","PI lo","PI hi","std error","NA"
"9","1-Kestose",503.1612,203.77,0.0084,105.0225,121.699023805092,119.144110770344,124.253936839839,83.7504910772912,159.647556532892,16.1899620969918,52.5377566437501
"10","1-Kestose",527.1588,203.57,0.0038,109.600485620915,122.539528801275,119.99516905319,125.08388854936,84.5917051205225,160.487352482028,16.1899620969918,52.5377566437501
"149","2-ACETAMIDO-2-DEOXY-BETA-D-GLUCOSYLAMINE",243.0965,149.1,0.002,114.17847124183,123.384318788986,120.85045317178,125.918184406192,85.4371972836085,161.331440294363,16.1899620969918,52.5377566437501
"150","2-ACETAMIDO-2-DEOXY-BETA-D-GLUCOSYLAMINE",219.0988,155.2,0.001,118.756456862745,124.233354514086,121.709920245599,126.756788782573,86.2869281199551,162.179780908217,16.1899620969918,52.5377566437501
"151","2-ACETAMIDO-2-DEOXY-BETA-D-GLUCOSYLAMINE",243.0965,157.8,0.001,123.33444248366,125.086595604015,122.573526224095,127.599664983935,87.1408570648051,163.032334143225,16.1899620969918,52.5377566437501
"176","2-Keto-D-gluconic acid hemicalcium salt hydrate",193.0348,132.77,0.0023,127.912428104575,125.944000569346,123.441225889569,128.446775249122,87.9989424368886,163.889058701803,16.1899620969918,52.5377566437501
"192","2-PHOSPHOGLYCERATE",187.0005,134.3,0.003,132.49041372549,126.805526805895,124.312972860748,129.298080751042,88.8611414406359,164.749912171154,16.1899620969918,52.5377566437501
"193","2-PHOSPHOGLYCERATE",184.9861,124.2,0.002,137.068399346405,127.671130597409,125.18871959706,130.153541597757,89.7274101689577,165.61485102586,16.1899620969918,52.5377566437501
"194","2-PHOSPHOGLYCERATE",206.9682,133.1,0.002,141.64638496732,128.540767118815,126.068417403616,131.013116834014,90.5977036065993,166.483830631031,16.1899620969918,52.5377566437501
"195","2-PHOSPHOGLYCERATE",208.9817,141.9,0,146.224370588235,129.414390440056,126.952016436901,131.876764443211,91.4719756340737,167.356805246038,16.1899620969918,52.5377566437501
"257","2alpha+/-Mannobiose",365.106,173.19,0.0096,150.80235620915,130.291953530503,127.839465711199,132.744441349808,92.3501790321795,168.233728028827,16.1899620969918,52.5377566437501
"299","3-PHOSPHOGLYCERATE",206.9677,141.6,0.002,155.380341830065,131.173408263963,128.730713105745,133.61610342218,93.2322654871064,169.114551040819,16.1899620969918,52.5377566437501
"300","3-PHOSPHOGLYCERATE",184.9856,124.4,0.001,159.95832745098,132.058705424269,129.625705372628,134.491705475911,94.1181855961344,169.999225252404,16.1899620969918,52.5377566437501
"301","3-PHOSPHOGLYCERATE",206.9677,133,0.001,164.536313071895,132.947794711479,130.524388145428,135.37120127753,95.0078888739285,170.887700549029,16.1899620969918,52.5377566437501
"302","3-PHOSPHOGLYCERATE",186.9996,136.1,0.001,169.11429869281,133.840624748658,131.426705948621,136.254543548694,95.9013237594329,171.779925737882,16.1899620969918,52.5377566437501
"303","3-PHOSPHOGLYCERATE",208.9816,139.4,0.001,173.692284313725,134.737143089274,132.332602207739,137.141683970808,96.7984376233673,172.67584855518,16.1899620969918,52.5377566437501
"426","6-Deoxy-L-galactose",187.0582,146.59,8e-04,178.270269934641,135.637296225192,133.242019260289,138.032573190095,97.6991767763264,173.575415674058,16.1899620969918,52.5377566437501
"434","6-PHOSPHOGLUCONATE",275.017,143.6,0.001,182.848255555556,136.541029595275,134.154898367452,138.927160823099,98.6034864774849,174.478572713066,16.1899620969918,52.5377566437501
"435","6-PHOSPHOGLUCONATE",299.0123,157.6,0.001,187.426241176471,137.448287594589,135.071179726537,139.82539546264,99.5113109439098,175.385264245268,16.1899620969918,52.5377566437501
"436","6-PHOSPHOGLUCONATE",296.9997,148.9,0,192.004226797386,138.359013584214,135.990802484224,140.727224684204,100.422593360477,176.29543380795,16.1899620969918,52.5377566437501
"437","6-Phosphogluconic acid",299.0144,166.33,7e-04,196.582212418301,139.273149901667,136.913704750561,141.632595052773,101.337275890398,177.209023912936,16.1899620969918,52.5377566437501
"438","6-Phosphogluconic acid",275.0168,145.02,4e-04,201.160198039216,140.190637871927,137.839823613748,142.541452130105,102.255299686347,178.125976057506,16.1899620969918,52.5377566437501
"598","ALLOSE",203.0542,146.18,5e-04,205.738183660131,141.11141781906,138.76909515568,143.45374048244,103.1766049022,179.04623073592,16.1899620969918,52.5377566437501
"599","ALLOSE",203.0542,143.19,1e-04,210.316169281046,142.035429078459,139.701454468261,144.369403688658,104.101130705366,179.969727451553,16.1899620969918,52.5377566437501
"604","ALPHA-D-GLUCOSE",203.0533,146.62,4e-04,214.894154901961,142.962610009674,140.636835670476,145.288384348872,105.028815289732,180.896404729615,16.1899620969918,52.5377566437501
"614","alpha+/-D-Glucose",203.05,147.83,0.0011,219.472140522876,143.89289800984,141.575171926221,146.210624093459,105.95959588919,181.82620013049,16.1899620969918,52.5377566437501
"615","alpha+/-D-Glucose (+Na)",203.0526,147.35,0.002,224.050126143791,144.82622952771,142.516395462881,147.136063592538,106.893408791771,182.759050263648,16.1899620969918,52.5377566437501
"616","alpha+/-D-Glucose 1-Phosphate Disodium Salt Hydrate",283.0195,161.03,9e-04,228.628111764706,145.762540078261,143.460437590641,148.064642565881,107.830189354357,183.694890802166,16.1899620969918,52.5377566437501
"617","alpha+/-D-Glucose 1-Phosphate Disodium Salt Hydrate",259.0219,150.16,7e-04,233.206097385621,146.701764257904,144.407228722537,148.996299793271,108.769872017984,184.633656497823,16.1899620969918,52.5377566437501
"633","Amphotericin",962.4529,258.38,0.0012,237.784083006536,147.643835760253,145.356698395209,149.930973125298,109.712390323724,185.575281196782,16.1899620969918,52.5377566437501
"634","Amphotericin (conf 1)",906.4851,234.11,0.0012,242.362068627451,148.58868739249,146.308775290372,150.868599494608,110.657676929135,186.519697855846,16.1899620969918,52.5377566437501
"635","Amphotericin (conf 1)",924.4956,251.73,0.0012,246.940054248366,149.536251092279,147.263387256967,151.80911492759,111.60566362528,187.466838559278,16.1899620969918,52.5377566437501
"636","Amphotericin (conf 1)",946.4784,255.68,0.0012,251.518039869281,150.486457945248,148.220461333983,152.752454556513,112.556281354306,188.416634536191,16.1899620969918,52.5377566437501
"637","Amphotericin (conf 2)",946.478,243.79,0.002,256.096025490196,151.439238203027,149.179923773936,153.698552632118,113.509460227572,189.369016178482,16.1899620969918,52.5377566437501
"638","Amphotericin (conf 2)",906.4851,251.68,0.0014,260.674011111111,152.394521301822,150.141700066983,154.647342536661,114.465129544321,190.323913059322,16.1899620969918,52.5377566437501
"639","Amphotericin (conf 2)",924.4956,242.64,0.0014,265.251996732026,153.352235881528,151.105714965642,155.598756797414,115.423217810883,191.281253952173,16.1899620969918,52.5377566437501
"640","Amphotericin (conf 3)",946.4749,238.62,0.0026,269.829982352941,154.312309805371,152.07189251011,156.552727100631,116.383652760404,192.240966850337,16.1899620969918,52.5377566437501
"641","Amphotericin (conf 3)",924.4956,233.65,0.0023,274.407967973856,155.274670180057,153.04015605414,157.509184305974,117.346361373089,193.202978987025,16.1899620969918,52.5377566437501
"642","Amphotericin (conf 4)",946.4772,221.78,0.0038,278.985953594771,156.239243376437,154.010428291459,158.468058461415,118.311269896948,194.167216855926,16.1899620969918,52.5377566437501
"643","Amphotericin 2015 (conf 1)",906.4851,334.45,0.0034,283.563939215686,157.205955050654,154.9826312827,159.429278818608,119.27830386903,195.133606232278,16.1899620969918,52.5377566437501
"644","Amphotericin 2015 (conf 1)",924.4956,334.93,0.0033,288.141924836601,158.174730165781,155.956686482813,160.392773848748,120.247388137142,196.102072194419,16.1899620969918,52.5377566437501
"645","Amphotericin 2015 (conf 1)",946.4776,339.87,0.0033,292.719910457516,159.145493013922,156.932514768934,161.358471258909,121.218446882031,197.072539145813,16.1899620969918,52.5377566437501
"646","Amphotericin 2015 (conf 1)",962.4515,343.43,0.0033,297.297896078431,160.118167238775,157.910036468675,162.326298008874,122.191403640022,198.044930837527,16.1899620969918,52.5377566437501
"647","Amphotericin 2015 (conf 2)",946.4776,326.2,0.0033,301.875881699346,161.092675858634,158.889171388799,163.29618032847,123.166181326099,199.019170391169,16.1899620969918,52.5377566437501
"648","Amphotericin 2015 (conf 2)",906.4851,311.76,0.0031,306.453867320261,162.068941289823,159.869838844255,164.268043735392,124.142702257408,199.995180322239,16.1899620969918,52.5377566437501
"649","Amphotericin 2015 (conf 2)",924.4956,324.23,0.0029,311.031852941176,163.046885370542,160.851957687539,165.241813053545,125.120888177173,200.972882563911,16.1899620969918,52.5377566437501
"650","Amphotericin 2015 (conf 3)",946.4776,318.46,0.0026,315.609838562091,164.026429385116,161.835446338336,166.217412431896,126.100660279017,201.952198491214,16.1899620969918,52.5377566437501
"651","Amphotericin 2015 (multimer)",946.4776,298.25,0.003,320.187824183007,165.007494088625,162.820222813412,167.194765363839,127.081939231654,202.933048945597,16.1899620969918,52.5377566437501
"757","ARABINOSE",173.0414,134.6,0.0026,324.765809803922,165.98999973191,163.806204756729,168.173794707091,128.064645203951,203.91535425987,16.1899620969918,52.5377566437501
"758","ARABINOSE",173.0414,134.6,0.0026,329.343795424837,166.973866086921,164.793309469733,169.154422704109,129.048697890345,204.899034283497,16.1899620969918,52.5377566437501
"759","ARABITOL",151.061,124.94,5e-04,333.921781045752,167.959012472408,165.781453941783,170.136571003033,130.034016536586,205.88400840823,16.1899620969918,52.5377566437501
"760","ARABITOL",175.0577,135.77,5e-04,338.499766666667,168.945357779932,166.770554880691,171.120160679172,131.020519965798,206.870195594065,16.1899620969918,52.5377566437501
"828","Beta-Gentiobiose",341.1084,179.9,0.0043,343.077752287582,169.932820500169,167.760528743322,172.105112257016,132.008126604836,207.857514395502,16.1899620969918,52.5377566437501
"829","Beta-Gentiobiose",365.106,178.84,3e-04,347.655737908497,170.921318749509,168.751291766236,173.091345732782,132.996754510932,208.845882988085,16.1899620969918,52.5377566437501
"899","CELLOBIOSE",365.1045,178.72,7e-04,352.233723529412,171.910770296908,169.742759996316,174.078780597499,133.986321398588,209.835219195228,16.1899620969918,52.5377566437501
"900","CELLOBIOSE",341.1076,179.7,7e-04,356.811709150327,172.901092590998,170.734849321369,175.067335860626,134.976744666729,210.825440515267,16.1899620969918,52.5377566437501
"901","CELLOBIOSE",381.0793,180.89,3e-04,361.389694771242,173.892202787417,171.72747550064,176.056930074194,135.967941426068,211.816464148766,16.1899620969918,52.5377566437501
"902","Cellopentaose > 80%",827.2668,246.06,0.0015,365.967680392157,174.884017776353,172.720554195228,177.047481357477,136.959828526684,212.808207026021,16.1899620969918,52.5377566437501
"903","Cellopentaose > 80%",829.2825,249.61,8e-04,370.545666013072,175.876454210272,173.714000998362,178.038907422183,137.952322585784,213.80058583476,16.1899620969918,52.5377566437501
"963","Clarithromycin",786.4367,268.86,0.0013,375.123651633987,176.869428531826,174.707731465498,179.031125598153,138.945340015628,214.793517048023,16.1899620969918,52.5377566437501
"964","Clarithromycin",748.4832,266.68,0.0013,379.701637254902,177.862857001897,175.701661144228,180.024052859567,139.93879705161,215.786916952185,16.1899620969918,52.5377566437501
"965","Clarithromycin",770.4636,270.55,0.0012,384.279622875817,178.856655727788,176.695705603942,181.017605851634,140.932609780453,216.780701675123,16.1899620969918,52.5377566437501
"1094","Cytidine 3'-Phosphate",346.0416,173.26,0.004,388.857608496732,179.850740691508,177.689780465252,182.011700917765,141.926694168527,217.77478721449,16.1899620969918,52.5377566437501
"1095","Cytidine 3'-Phosphate",324.0597,169.38,0.0027,393.435594117647,180.84502777816,178.683801429115,183.006254127205,142.920966090234,218.769089466086,16.1899620969918,52.5377566437501
"1096","Cytidine 3'-Phosphate",322.044,169.53,3e-04,398.013579738562,181.839432804391,179.677684305666,184.001181303116,143.91534135648,219.763524252302,16.1899620969918,52.5377566437501
"1103","Cytidine 5'-Triphosphate",505.9743,202.97,0.0032,402.591565359477,182.833871546894,180.67134504271,184.996398051079,144.909735743173,220.758007350616,16.1899620969918,52.5377566437501
"1104","Cytidine 5'-Triphosphate",481.9767,191.2,0.0029,407.169550980392,183.828259770941,181.664699753872,185.991819788009,145.904065019763,221.752454522119,16.1899620969918,52.5377566437501
"1117","CYTIDINE TRIPHOSPHATE",481.9774,181.2,0.001,411.747536601307,184.822513258916,182.657664746381,186.987361771452,146.898244977774,222.746781540058,16.1899620969918,52.5377566437501
"1118","CYTIDINE TRIPHOSPHATE",503.9591,185,0.001,416.325522222222,185.816547838849,183.65015654846,187.982939129237,147.892191459328,223.740904218369,16.1899620969918,52.5377566437501
"1119","CYTIDINE TRIPHOSPHATE",483.9927,188.4,0.001,420.903507843137,186.810279412901,184.642091936334,188.978466889468,148.885820385628,224.734738440175,16.1899620969918,52.5377566437501
"1120","CYTIDINE TRIPHOSPHATE",505.974,192.4,0,425.481493464052,187.803623985813,185.633387960806,189.973860010819,149.879047785385,225.72820018624,16.1899620969918,52.5377566437501
"1173","D-(-)-3-Phosphoglyceric Acid Disodium Salt Hydrate",168.9902,124.64,0.0012,430.059479084967,188.796497693264,186.62396197343,190.969033413099,150.871789823173,226.721205563356,16.1899620969918,52.5377566437501
"1174","D-(-)-Arabinose",173.0426,141.98,0.001,434.637464705882,189.788816830152,187.613731652232,191.963902008072,151.863962827677,227.713670832626,16.1899620969918,52.5377566437501
"1175","D-(-)-Ribose",173.0426,136.31,0.0018,439.215450326797,190.780497878743,188.602615027004,192.958380730482,152.85548331983,228.705512437655,16.1899620969918,52.5377566437501
"1176","D-(+) Glucose",203.0532,146.34,0.0015,443.793435947712,191.771457536701,189.590530504143,193.952384569259,153.846268040811,229.696647032591,16.1899620969918,52.5377566437501
"1177","D-(+)-2-Phosphoglyceric Acid Sodium Salt Hydrate",184.9845,126.78,0.0033,448.371421568627,192.761612744956,190.577396891038,194.945828598875,154.836233979882,230.68699151003,16.1899620969918,52.5377566437501
"1178","D-(+)-Maltose",381.0799,181.89,0.0011,452.949407189542,193.750880715399,191.563133420002,195.938628010795,155.825298402053,231.676463028744,16.1899620969918,52.5377566437501
"1179","D-(+)-Maltose",365.11,179.72,9e-04,457.527392810457,194.739178958381,192.547659771744,196.930698145018,156.813378875545,232.664979041216,16.1899620969918,52.5377566437501
"1180","D-(+)-Maltose Monohydrate",365.106,182.82,0.0044,462.105378431373,195.726425310007,193.530896098374,197.921954521639,157.800393299039,233.652457320974,16.1899620969918,52.5377566437501
"1181","D-(+)-Melezitose Hydrate",503.1612,202.51,0.0084,466.683364052288,196.71253795919,194.512763045962,198.912312872418,158.786259928692,234.638815989689,16.1899620969918,52.5377566437501
"1182","D-(+)-Raffinose Pentahydrate",503.1612,196.61,0.0023,471.261349673203,197.69743547446,195.493181776618,199.901689172301,159.770897404893,235.623973544026,16.1899620969918,52.5377566437501
"1183","D-(+)-Raffinose Pentahydrate",527.1588,206.76,0.001,475.839335294118,198.681036830497,196.472073990123,200.88999967087,160.754224778757,236.607848882236,16.1899620969918,52.5377566437501
"1184","D-(+)-Trehalose Dihydrate",341.1084,178.13,0.0032,480.417320915033,199.663261434388,197.449361945103,201.877160923672,161.736161538318,237.590361330457,16.1899620969918,52.5377566437501
"1185","D-(+)-Trehalose Dihydrate",365.106,176.15,7e-04,484.995306535948,200.644029151568,198.424968479742,202.863089823394,162.716627634419,238.571430668717,16.1899620969918,52.5377566437501
"1188","D-(+)-Xylose",173.0426,130.83,0.0016,489.573292156863,201.623260331447,199.398817032045,203.847703630849,163.69554350628,239.550977156614,16.1899620969918,52.5377566437501
"1198","D-Erythrose 4-Phosphate Sodium Salt",222.9984,152.44,0.0077,494.151277777778,202.600875832692,200.370831659652,204.830920005732,164.672830106718,240.528921558665,16.1899620969918,52.5377566437501
"1199","D-Erythrose 4-Phosphate Sodium Salt",199.0008,148.42,0.005,498.729263398693,203.576797048156,201.340937059206,205.812657037106,165.648408927014,241.505185169298,16.1899620969918,52.5377566437501
"1200","D-Fructose 6-Phosphate Disodium Salt Hydrate",259.0219,146.46,0.0078,503.307249019608,204.550945929437,202.309058585279,206.792833273596,166.622202021397,242.479689837478,16.1899620969918,52.5377566437501
"1201","D-Fructose 6-Phosphate Disodium Salt Hydrate",283.0195,154.97,0.0011,507.885234640523,205.523245011046,203.275122268856,207.771367753235,167.594132031149,243.452357990942,16.1899620969918,52.5377566437501
"1202","D-Gluconic Acid",219.0481,148.36,0.0031,512.463220261438,206.493617434169,204.239054835385,208.748180032953,168.564122208294,244.423112660044,16.1899620969918,52.5377566437501
"1203","D-Gluconic Acid",197.0661,140.56,0.0018,517.041205882353,207.461986970023,205.200783722396,209.72319021765,169.532096438875,245.391877501171,16.1899620969918,52.5377566437501
"1204","D-Gluconic Acid",195.0505,134.48,0.0015,521.619191503268,208.428278042767,206.160237096689,210.696318988845,170.497979265788,246.358576819746,16.1899620969918,52.5377566437501
"1205","D-Glucosamine",180.1052,145.8,0.0024,526.197177124183,209.392415751972,207.117343871091,211.667487632852,171.461695911175,247.323135592768,16.1899620969918,52.5377566437501
"1206","D-Glucosamine",202.0871,134.32,7e-04,530.775162745098,210.354325894635,208.072033720801,212.636618068468,172.423172298355,248.285479490914,16.1899620969918,52.5377566437501
"1207","D-Glucosamine 6 -Phosphate",282.0355,159.85,0.0027,535.353148366013,211.313934986717,209.024237099297,213.603632874137,173.382335073274,249.245534900159,16.1899620969918,52.5377566437501
"1208","D-Glucosamine 6 -Phosphate",260.0535,155.1,0.0016,539.931133986928,212.271170284198,209.973885253834,214.568455314562,174.339111625478,250.203228942917,16.1899620969918,52.5377566437501
"1209","D-Glucosamine 6 -Phosphate",258.0379,150.06,0,544.509119607843,213.225959803635,210.920910240521,215.531009366748,175.29343010858,251.15848949869,16.1899620969918,52.5377566437501
"1210","D-Glucose 1-phosphate",283.0195,160.18,0.0016,549.087105228758,214.178232342216,211.865244938978,216.491219745454,176.245219460224,252.111245224208,16.1899620969918,52.5377566437501
"1211","D-Glucose 1-phosphate",259.0219,150.28,8e-04,553.665090849673,215.127917497294,212.806823066573,217.449011928015,177.194409421529,253.061425573059,16.1899620969918,52.5377566437501
"1212","D-Glucose 6 Phosphate Sodium Salt",259.0219,149.12,8e-04,558.243076470588,216.074945685393,213.74557919225,218.404312178536,178.140930555997,254.008960814788,16.1899620969918,52.5377566437501
"1213","D-Glucose 6 Phosphate Sodium Salt",283.0195,160.35,6e-04,562.821062091503,217.019248160678,214.681448749929,219.357047571427,179.084714267895,254.953782053461,16.1899620969918,52.5377566437501
"1214","D-Glucuronic Acid",217.0324,151.7,0.0014,567.399047712418,217.960757032882,215.6143680515,220.307146014264,180.025692820075,255.895821245689,16.1899620969918,52.5377566437501
"1215","D-Glucuronic Acid",193.0348,133.58,0.0011,571.977033333333,218.899405284673,216.544274299385,221.25453626996,180.963799351253,256.835011218092,16.1899620969918,52.5377566437501
"1223","D-Maltose",365.106,177.51,0.0015,576.555018954248,219.835126788463,217.471105598689,222.199147978237,181.898967892714,257.771285684212,16.1899620969918,52.5377566437501
"1224","D-Maltose",341.1084,204.87,0.0014,581.133004575163,220.76785632265,218.394800968925,223.140911676376,182.831133384451,258.704579260849,16.1899620969918,52.5377566437501
"1225","D-MANNOSAMINE",180.0862,138.1,0.001,585.710990196078,221.697529587282,219.315300355316,224.079758819249,183.760231690734,259.634827483831,16.1899620969918,52.5377566437501
"1226","D-MANNOSAMINE",202.0679,141.3,0,590.288975816993,222.624083219141,220.23254463967,225.015621798611,184.686199615084,260.561966823197,16.1899620969918,52.5377566437501
"1229","D-RIBOSE 5-PHOSPHATE",229.0119,139.4,0.001,594.866961437908,223.547454806237,221.146475650828,225.948433961646,185.608974914674,261.4859346978,16.1899620969918,52.5377566437501
"1230","D-RIBOSE 5-PHOSPHATE",253.0081,150.5,0.001,599.444947058823,224.467582901723,222.05703617468,226.878129628765,186.528496314127,262.406669489318,16.1899620969918,52.5377566437501
"1231","D-Ribose 5-Phosphate Disodium Salt Dihydrate",253.0089,154.34,0.0013,604.022932679739,225.384407037199,222.96416996375,227.804644110649,187.444703518728,263.324110555671,16.1899620969918,52.5377566437501
"1232","D-Ribose 5-Phosphate Disodium Salt Dihydrate",229.0113,140.95,7e-04,608.600918300654,226.297867735433,223.867821746339,228.727913724528,188.357537227029,264.238198243837,16.1899620969918,52.5377566437501
"1233","D-Ribulose 5-Phosphate Disodium Salt",229.0113,140.15,0.0019,613.178903921569,227.207906522467,224.767937235235,229.647875809699,189.26693914286,265.148873902075,16.1899620969918,52.5377566437501
"1234","D-Ribulose 5-Phosphate Disodium Salt",253.0089,151.81,8e-04,617.756889542484,228.114465939132,225.664463135984,230.564468742281,190.172851986728,266.056079891536,16.1899620969918,52.5377566437501
"1235","D-Sedoheptulose",209.0661,144.73,0.0015,622.334875163399,229.01748955195,226.557347154704,231.477631949195,191.075219506623,266.959759597277,16.1899620969918,52.5377566437501
"1236","D-Sedoheptulose",233.0637,149.32,0.001,626.912860784314,229.916921963432,227.446538005471,232.387305921393,191.973986488201,267.859857438663,16.1899620969918,52.5377566437501
"1239","D-Xylose 5-phosphate lithium salt",254.0167,149.79,0.009,631.490846405229,230.812708821772,228.331985417236,233.293432226307,192.869098764377,268.756318879166,16.1899620969918,52.5377566437501
"1240","D-Xylose 5-phosphate lithium salt",230.0192,138.69,8e-04,636.068832026144,231.704796829929,229.213640140312,234.195953519547,193.760503224302,269.649090435556,16.1899620969918,52.5377566437501
"1241","D-Xylulose",173.0426,140.43,0.0031,640.646817647059,232.593133754111,230.091453952384,235.094813555837,194.648147821735,270.538119686486,16.1899620969918,52.5377566437501
"1303","DEOXYRIBOSE",157.0468,134.3,0.002,645.224803267974,233.477668431643,230.965379664089,235.989957199196,195.531981582814,271.423355280472,16.1899620969918,52.5377566437501
"1353","Dihydroxyacetone Phosphate Dilithium Salt",192.9878,142.72,7e-04,649.802788888889,234.358350778244,231.835371124119,236.881330432369,196.41195461322,272.304746943268,16.1899620969918,52.5377566437501
"1401","ERYTHRITOL",145.0463,129.9,0.001,654.380774509804,235.235131794695,232.701383223874,237.768880365516,197.288018104746,273.182245484644,16.1899620969918,52.5377566437501
"1402","Erythromycin A",1505.8861,300.53,0.0029,658.958760130719,236.107963572911,233.563371901662,238.652555244159,198.16012434126,274.055802804561,16.1899620969918,52.5377566437501
"1403","Erythromycin A",772.4249,197.46,0.0017,663.536745751634,236.976799301418,234.421294146427,239.532304456408,199.028226704085,274.92537189875,16.1899620969918,52.5377566437501
"1404","Erythromycin A",734.469,193.32,0.0013,668.114731372549,237.84159327024,235.275108001029,240.408078539451,199.892279676778,275.790906863701,16.1899620969918,52.5377566437501
"1405","Erythromycin A",756.451,198.96,0.0012,672.692716993464,238.702300875198,236.124772565054,241.279829185342,200.752238849328,276.652362901068,16.1899620969918,52.5377566437501
"1406","Erythromycin A",1489.9122,296.67,9e-04,677.270702614379,239.558878621626,236.970247997175,242.147509246077,201.608060921771,277.509696321481,16.1899620969918,52.5377566437501
"1407","Erythromycin A (conf 1)",716.4585,197.57,0.0011,681.848688235294,240.41128412751,237.811495517048,243.011072737972,202.459703707231,278.362864547789,16.1899620969918,52.5377566437501
"1408","Erythromycin A (conf 2)",716.4585,191.37,0.0021,686.426673856209,241.259476126058,238.64847740675,243.870474845365,203.30712613439,279.211826117725,16.1899620969918,52.5377566437501
"1409","Erythromycin B",740.4561,197.64,0.0012,691.004659477124,242.103414467698,239.481157011767,244.725671923629,204.150288249388,280.056540686008,16.1899620969918,52.5377566437501
"1410","Erythromycin B",718.4741,194.38,0.0011,695.582645098039,242.943060121527,240.309498741525,245.576621501528,204.989151217172,280.896969025881,16.1899620969918,52.5377566437501
"1446","FRUCTOSE",203.0529,141.51,7e-04,700.160630718954,243.778375176197,241.133468069472,246.423282282921,205.823677322294,281.733073030099,16.1899620969918,52.5377566437501
"1447","FRUCTOSE 6-PHOSPHATE",259.0226,144.1,0.001,704.738616339869,244.609322840261,241.953031532707,247.265614147815,206.653829969158,282.564815711365,16.1899620969918,52.5377566437501
"1448","FRUCTOSE 6-PHOSPHATE",283.0182,154.4,0.001,709.316601960784,245.435867441985,242.768156731175,248.103578152795,207.479573681736,283.392161202235,16.1899620969918,52.5377566437501
"1449","FRUCTOSE 6-PHOSPHATE",281.0038,154.9,0.001,713.894587581699,246.257974428621,243.578812326409,248.937136530833,208.300874102757,284.215074754486,16.1899620969918,52.5377566437501
"1450","FRUCTOSE BISPHOSPHATE",360.9747,196.6,0.005,718.472573202614,247.075610365167,244.384968039845,249.76625269049,209.117697992375,285.03352273796,16.1899620969918,52.5377566437501
"1451","Fructose-1-Phosphate",259.0219,146.03,0.0059,723.050558823529,247.888742932611,245.186594650697,250.590891214525,209.93001322632,285.847472638902,16.1899620969918,52.5377566437501
"1455","FUCOSE",187.0581,138.7,0.002,727.628544444444,248.697340925669,245.983663993414,251.411017857924,210.737788793558,286.65689305778,16.1899620969918,52.5377566437501
"1465","GALACTARATE",231.0116,137.2,0.002,732.206530065359,249.501374250034,246.776148954707,252.226599545361,211.540994793447,287.461753706621,16.1899620969918,52.5377566437501
"1466","GALACTARATE",209.0299,132.6,0.001,736.784515686275,250.300813919134,247.564023470162,253.037604368105,212.339602432415,288.262025405853,16.1899620969918,52.5377566437501
"1467","GALACTARATE",233.0247,146.9,0.001,741.36250130719,251.095632050416,248.347262520448,253.844001580384,213.133584020165,289.057680080667,16.1899620969918,52.5377566437501
"1468","GALACTITOL",181.0719,130.5,0.002,745.940486928105,251.885801861168,249.125842127112,254.645761595223,213.922912965413,289.848690756922,16.1899620969918,52.5377566437501
"1469","Galactitol",205.0688,144.54,0.0014,750.51847254902,252.671297663879,249.899739347989,255.442855979769,214.707563771173,290.635031556585,16.1899620969918,52.5377566437501
"1470","GALACTITOL",205.0664,142.2,0.001,755.096458169935,253.452094861162,250.66893227221,256.235257450113,215.487512029602,291.416677692721,16.1899620969918,52.5377566437501
"1471","GALACTOSE",203.0528,141.93,8e-04,759.67444379085,254.228169940234,251.433400014837,257.02293986563,216.262734416409,292.193605464058,16.1899620969918,52.5377566437501
"1472","GALACTOSE 1-PHOSPHATE",298.9924,158.5,0.004,764.252429411765,254.999500466979,252.193122711119,257.805878222839,217.033208684841,292.965792249116,16.1899620969918,52.5377566437501
"1473","GALACTOSE 1-PHOSPHATE",283.0183,157.7,0.002,768.83041503268,255.766065079596,252.948081510379,258.584048648813,217.798913659267,293.733216499925,16.1899620969918,52.5377566437501
"1474","GALACTOSE 1-PHOSPHATE",259.024,148.2,0.001,773.408400653595,256.527843481846,253.698258569554,259.357428394138,218.55982922835,294.495857735342,16.1899620969918,52.5377566437501
"1475","GALACTURONATE",193.0356,131.3,0.002,777.98638627451,257.284816435905,254.443637046365,260.125995825444,219.315936337838,295.253696533971,16.1899620969918,52.5377566437501
"1476","GALACTURONATE",217.0322,145.3,0.001,782.564371895425,258.036965754842,255.184201092167,260.889730417517,220.067216982979,296.006714526705,16.1899620969918,52.5377566437501
"1564","GLUCONATE",195.0502,132.4,0.002,787.14235751634,258.78427429473,255.91993584445,261.648612745011,220.813654200563,296.754894388898,16.1899620969918,52.5377566437501
"1565","GLUCONATE",195.0502,132.4,0.002,791.720343137255,259.526725946399,256.650827419027,262.40262447377,221.555232060623,297.498219832175,16.1899620969918,52.5377566437501
"1566","GLUCONATE",195.0527,132.6,0.002,796.29832875817,260.264305626839,257.376862901904,263.151748351773,222.291935657773,298.236675595904,16.1899620969918,52.5377566437501
"1567","GLUCONATE",195.0527,132.6,0.002,800.876314379085,260.996999270281,258.098030340843,263.89596819972,223.02375110224,298.970247438323,16.1899620969918,52.5377566437501
"1568","GLUCONATE",219.0488,146.2,0.001,805.4543,261.724793818951,258.814318736634,264.635268901268,223.750665510554,299.698922127348,16.1899620969918,52.5377566437501
"1569","GLUCONATE",219.0488,146.2,0.001,810.032285620915,262.447677213511,259.52571803408,265.369636392941,224.472666995947,300.422687431074,16.1899620969918,52.5377566437501
"1570","GLUCONATE",219.0467,146.3,0.001,814.61027124183,263.165638383206,260.232219112706,266.099057653707,225.189744658445,301.141532107968,16.1899620969918,52.5377566437501
"1571","GLUCONATE",219.0467,146.3,0.001,819.188256862745,263.878667235731,260.933813777202,266.82352069426,225.901888574686,301.855445896776,16.1899620969918,52.5377566437501
"1572","GLUCONOLACTONE",201.0371,144.7,0.002,823.76624248366,264.586754646808,261.630494747614,267.543014546002,226.609089787454,302.564419506162,16.1899620969918,52.5377566437501
"1573","GLUCONOLACTONE",195.053,132.6,0.001,828.344228104575,265.289892449517,262.32225564928,268.257529249753,227.311340294966,303.268444604067,16.1899620969918,52.5377566437501
"1574","GLUCONOLACTONE",195.0518,132.5,0,832.92221372549,265.988073423364,263.009091002545,268.967055844182,228.008633039896,303.967513806831,16.1899620969918,52.5377566437501
"1575","GLUCOSAMINATE",194.0673,135.7,0.003,837.500199346405,266.681291283117,263.690996212235,269.671586353999,228.700961898174,304.66162066806,16.1899620969918,52.5377566437501
"1576","GLUCOSAMINATE",196.0826,141.8,0.001,842.07818496732,267.369540667412,264.367967556927,270.371113777897,229.388321667551,305.350759667273,16.1899620969918,52.5377566437501
"1577","GLUCOSAMINATE",218.0626,146.5,0.001,846.656170588235,268.052817127139,265.040002178008,271.065632076269,230.070708055952,306.034926198325,16.1899620969918,52.5377566437501
"1578","GLUCOSAMINE",180.0856,141.4,0.002,851.23415620915,268.731117113628,265.707098068545,271.755136158711,230.748117669629,306.714116557627,16.1899620969918,52.5377566437501
"1579","GLUCOSAMINE",180.0856,138.1,0.001,855.812141830065,269.404437966642,266.369254061959,272.439621871325,231.420548001118,307.388327932166,16.1899620969918,52.5377566437501
"1580","GLUCOSAMINE",202.0668,143.5,0.001,860.39012745098,270.072777902182,267.026469820538,273.119085983825,232.087997417018,308.057558387346,16.1899620969918,52.5377566437501
"1581","GLUCOSAMINE",202.0668,146.5,0,864.968113071895,270.736136000125,267.678745823777,273.793526176473,232.750465145601,308.721806854649,16.1899620969918,52.5377566437501
"1582","GLUCOSAMINE 6-PHOSPHATE",258.039,148.1,0.001,869.54609869281,271.394512191703,268.326083356563,274.462941026844,233.407951264263,309.381073119144,16.1899620969918,52.5377566437501
"1583","GLUCOSAMINE 6-SULFATE",258.0292,149.4,0.001,874.124084313725,272.047907246831,268.968484497219,275.127329996442,234.060456686828,310.035357806833,16.1899620969918,52.5377566437501
"1584","GLUCOSE 1-PHOSPHATE",259.0228,148.7,0.001,878.70206993464,272.696322761291,269.605952105414,275.786693417169,234.707983150715,310.684662371868,16.1899620969918,52.5377566437501
"1585","GLUCOSE 1-PHOSPHATE",283.0192,158.3,0.001,883.280055555555,273.339761143802,270.238489809939,276.441032477665,235.350533203976,311.328989083628,16.1899620969918,52.5377566437501
"1586","GLUCOSE 6-PHOSPHATE",259.024,146.6,0.002,887.858041176471,273.978225602956,270.866101996382,277.09034920953,235.988110192228,311.968341013684,16.1899620969918,52.5377566437501
"1587","GLUCOSE 6-PHOSPHATE",259.024,146.6,0.002,892.436026797386,274.611720134059,271.488793794682,277.734646473437,236.620718245468,312.602722022651,16.1899620969918,52.5377566437501
"1588","GLUCOSE 6-PHOSPHATE",281.0056,156.9,0.002,897.014012418301,275.240249505871,272.106571066598,278.373927945144,237.248362264796,313.232136746947,16.1899620969918,52.5377566437501
"1589","GLUCOSE 6-PHOSPHATE",281.0056,156.9,0.002,901.591998039216,275.863819247257,272.719440393086,279.008198101429,237.871047909063,313.856590585452,16.1899620969918,52.5377566437501
"1590","GLUCOSE 6-PHOSPHATE",259.0219,146.5,0.001,906.169983660131,276.482435633764,273.327409061595,279.637462205932,238.488781581424,314.476089686104,16.1899620969918,52.5377566437501
"1591","GLUCOSE 6-PHOSPHATE",259.0219,146.5,0.001,910.747969281046,277.096105674127,273.930485053304,280.261726294949,239.101570415845,315.090640932408,16.1899620969918,52.5377566437501
"1592","GLUCOSE 6-PHOSPHATE",283.0176,158.1,0.001,915.325954901961,277.704837096722,274.528677030287,280.880997163157,239.709422263542,315.700251929902,16.1899620969918,52.5377566437501
"1593","GLUCOSE 6-PHOSPHATE",283.0176,158.1,0.001,919.903940522876,278.308638335965,275.121994322634,281.495282349297,240.312345679372,316.304930992559,16.1899620969918,52.5377566437501
"1594","GLUCOSE 6-PHOSPHATE",283.0184,158.1,0,924.481926143791,278.907518518676,275.71044691553,282.104590121823,240.910349908194,316.904687129159,16.1899620969918,52.5377566437501
"1595","GLUCOSE 6-PHOSPHATE",283.0184,158.1,0,929.059911764706,279.501487450406,276.294045436295,282.708929464517,241.503444871193,317.499530029619,16.1899620969918,52.5377566437501
"1596","GLUCURONATE",193.0351,131.7,0.004,933.637897385621,280.090555601746,276.872801141401,283.30831006209,242.091641152187,318.089470051304,16.1899620969918,52.5377566437501
"1597","GLUCURONATE",217.0303,150.2,0.003,938.215883006536,280.674734094623,277.446725903472,283.902742285775,242.674949983922,318.674518205325,16.1899620969918,52.5377566437501
"1625","GLYCERATE",105.0225,112.6,0.005,942.793868627451,281.254034688592,278.015832198271,284.492237178913,243.253383234358,319.254686142825,16.1899620969918,52.5377566437501
"1626","GLYCERATE",105.0225,112.6,0.005,947.371854248366,281.828469767119,278.580133091686,285.076806442551,243.826953392969,319.829986141268,16.1899620969918,52.5377566437501
"1958","Hygromycin",550.2224,220.86,0.0012,951.949839869281,282.398052323891,279.139642226726,285.656462421056,244.395673557041,320.400431090741,16.1899620969918,52.5377566437501
"1959","Hygromycin",566.1963,221.55,0.0011,956.527825490196,282.962795949134,279.694373810517,286.231218087752,244.959557418004,320.966034480265,16.1899620969918,52.5377566437501
"1960","Hygromycin (conf 1)",528.2405,212.14,0.001,961.105811111111,283.522714815959,280.244342601335,286.801087030584,245.518619247778,321.52681038414,16.1899620969918,52.5377566437501
"1961","Hygromycin (conf 2)",528.2405,223.97,0.0015,965.683796732026,284.077823666738,280.789563895651,287.366083437825,246.072873885164,322.082773448312,16.1899620969918,52.5377566437501
"2059","Isomaltose",341.1084,179.87,0.0015,970.261782352941,284.628137799525,281.330053515216,287.926222083834,246.622336722266,322.633938876785,16.1899620969918,52.5377566437501
"2065","Josamycin",810.464,298.54,0.0014,974.839767973856,285.173673054522,281.86582779419,288.481518314854,247.167023690968,323.180322418076,16.1899620969918,52.5377566437501
"2066","Josamycin (conf 1)",866.4304,301.29,0.0012,979.417753594771,285.714445800592,282.396903566304,289.031988034881,247.706951249463,323.721940351721,16.1899620969918,52.5377566437501
"2067","Josamycin (conf 1)",828.4745,301.28,0.0012,983.995739215686,286.250472921843,282.923298152092,289.577647691594,248.242136368841,324.258809474845,16.1899620969918,52.5377566437501
"2068","Josamycin (conf 1)",850.4565,300.36,0.0011,988.573724836601,286.781771804266,283.44502934617,290.118514262362,248.772596519744,324.790947088787,16.1899620969918,52.5377566437501
"2069","Josamycin (conf 2)",866.4304,284.29,0.0018,993.151710457516,287.308360322451,283.96211540458,290.654605240322,249.298349659098,325.318370985804,16.1899620969918,52.5377566437501
"2070","Josamycin (conf 2)",850.4565,282.47,0.0014,997.729696078431,287.830256826382,284.47457503221,291.185938620553,249.819414216916,325.841099435847,16.1899620969918,52.5377566437501
"2071","Josamycin (conf 2)",828.4745,287.24,9e-04,1002.30768169935,288.347480128306,284.982427370287,291.712532886325,250.335809083191,326.359151173421,16.1899620969918,52.5377566437501
"2076","Kanamycin",523.2018,212.76,0.0016,1006.88566732026,288.860049489703,285.485691983943,292.234406995463,250.847553594873,326.872545384533,16.1899620969918,52.5377566437501
"2077","Kanamycin (conf 1)",485.2459,205.41,0.0012,1011.46365294118,289.367984608336,285.984388849882,292.75158036679,251.354667522946,327.381301693727,16.1899620969918,52.5377566437501
"2078","Kanamycin (conf 1)",507.2278,209.28,0.0011,1016.04163856209,289.871305605409,286.47853834412,293.264072866698,251.857171059597,327.88544015122,16.1899620969918,52.5377566437501
"2079","Kanamycin (conf 2)",507.2278,196.33,0.0031,1020.61962418301,290.370033012821,286.968161229834,293.771904795808,252.355084805495,328.384981220147,16.1899620969918,52.5377566437501
"2080","Kanamycin (conf 2)",485.2459,216.26,0.0034,1025.19760980392,290.864187760534,287.453278645304,294.275096875764,252.848429757172,328.879945763896,16.1899620969918,52.5377566437501
"2081","Kanamycin (conf 3)",485.2459,172.45,0.0011,1029.77559542484,291.353791164045,287.933912091956,294.773670236134,253.337227294522,329.370355033568,16.1899620969918,52.5377566437501
"2169","L-Ribonic acid lithium salt",190.0453,142.13,0.0026,1034.35358104575,291.83886491198,288.410083422521,295.267646401438,253.821499168411,329.856230655548,16.1899620969918,52.5377566437501
"2170","L-Ribonic acid lithium salt",166.0477,127.73,2e-04,1038.93156666667,292.319431053802,288.881814829295,295.757047278308,254.301267488411,330.337594619192,16.1899620969918,52.5377566437501
"2171","L-Ribulose",173.0426,131.56,0.0067,1043.50955228758,292.795511987648,289.349128832525,296.24189514277,254.776554710656,330.814469264639,16.1899620969918,52.5377566437501
"2192","LACTOSE",341.1098,176.9,0,1048.0875379085,293.267130448286,289.812048268903,296.72221262767,255.247383625824,331.286877270748,16.1899620969918,52.5377566437501
"2193","LACTOSE",381.0797,178.6,0,1052.66552352941,293.734309495209,290.270596280189,297.19802271023,255.713777347254,331.754841643165,16.1899620969918,52.5377566437501
"2194","LACTOSE",365.1056,175.3,0,1057.24350915033,294.197072500856,290.724796301958,297.669348699753,256.175759299189,332.218385702523,16.1899620969918,52.5377566437501
"2195","Lactulose",341.1084,177.44,0.0013,1061.82149477124,294.65544313897,291.174672052472,298.136214225467,256.633353205164,332.677533072775,16.1899620969918,52.5377566437501
"2196","Lactulose",365.106,178.47,3e-04,1066.39948039216,295.109445373099,291.620247521685,298.598643224514,257.086583076527,333.132307669672,16.1899620969918,52.5377566437501
"2296","LYXOSE",173.0417,136.79,0.0011,1070.97746601307,295.559103445235,292.061546960377,299.056659930093,257.535473201102,333.582733689369,16.1899620969918,52.5377566437501
"2303","Maltoheptaose",1175.37,299.65,0.0015,1075.55545163399,296.004441864594,292.498594869434,299.510288859755,257.980048132001,334.028835597188,16.1899620969918,52.5377566437501
"2304","Maltohexaose",1013.32,281.45,0.0017,1080.1334372549,296.445485396549,292.931415989252,299.959554803846,258.420332676578,334.47063811652,16.1899620969918,52.5377566437501
"2305","Maltopentaose",827.2668,255.96,0.003,1084.71142287582,296.882259051702,293.360035289291,300.404482814112,258.85635188553,334.908166217873,16.1899620969918,52.5377566437501
"2306","Maltopentaose",867.2384,258.17,0.0028,1089.28940849673,297.314788075114,293.784477957769,300.845098192459,259.288131042153,335.341445108075,16.1899620969918,52.5377566437501
"2307","Maltopentaose",851.26,257.24,0.0015,1093.86739411765,297.743097935685,294.204769391494,301.281426479876,259.715695651747,335.770500219623,16.1899620969918,52.5377566437501
"2308","MALTOSE",365.1057,178.92,8e-04,1098.44537973856,298.16721431568,294.620935185849,301.71349344551,260.139071431173,336.195357200187,16.1899620969918,52.5377566437501
"2309","MALTOSE",381.079,181.71,5e-04,1103.02336535948,298.587163100419,295.03300112492,302.141325075918,260.558284298568,336.61604190227,16.1899620969918,52.5377566437501
"2310","MALTOSE",341.1076,180.11,3e-04,1107.60135098039,299.00297036812,295.440993171771,302.56494756447,260.973360363216,337.032580373025,16.1899620969918,52.5377566437501
"2311","Maltotetraose",689.21,230.22,0.0013,1112.17933660131,299.414662379895,295.844937458871,302.984387300919,261.384325915573,337.444998844218,16.1899620969918,52.5377566437501
"2312","Maltotriose",527.16,211.11,0.0012,1116.75732222222,299.82226556991,296.24486027867,303.399670861149,261.791207417452,337.853323722367,16.1899620969918,52.5377566437501
"2313","Maltotriose",543.1327,212.07,8e-04,1121.33530784314,300.225806535697,296.640788074325,303.810824997069,262.194031492371,338.257581579024,16.1899620969918,52.5377566437501
"2320","MANNITOL",181.0714,131.56,0.0017,1125.91329346405,300.625312028637,297.03274743058,304.217876626694,262.592824916051,338.657799141223,16.1899620969918,52.5377566437501
"2321","MANNITOL",205.0679,141.09,0.0013,1130.49127908497,301.02080894459,297.420765064801,304.620852824379,262.987614607088,339.054003282092,16.1899620969918,52.5377566437501
"2322","MANNOSE",203.0524,141.51,7e-04,1135.06926470588,301.412324314694,297.804867818154,305.019780811234,263.378427617771,339.446221011618,16.1899620969918,52.5377566437501
"2323","MANNOSE 6-PHOSPHATE",259.0228,146.2,0.001,1139.6472503268,301.799885296325,298.185082646954,305.414687945696,263.765291125075,339.834479467575,16.1899620969918,52.5377566437501
"2324","MANNOSE 6-PHOSPHATE",283.0183,156.1,0.001,1144.22523594771,302.183519164212,298.561436614149,305.805601714276,264.148232421803,340.218805906622,16.1899620969918,52.5377566437501
"2325","MANNOSE 6-PHOSPHATE",281.0044,156.7,0.001,1148.80322156863,302.563253301725,298.933956880973,306.192549722477,264.527278907903,340.599227695547,16.1899620969918,52.5377566437501
"2331","Melibiose",341.1084,171.77,0.0031,1153.38120718954,302.939115192309,299.302670698744,306.575559685875,264.90245808193,340.975772302689,16.1899620969918,52.5377566437501
"2332","MELIBIOSE",343.1231,180.44,0.0027,1157.95919281046,303.311132411097,299.667605400822,306.954659421371,265.273797532685,341.348467289508,16.1899620969918,52.5377566437501
"2333","Melibiose",365.106,179.43,0.0022,1162.53717843137,303.679332616667,300.028788394721,307.329876838614,265.641324931009,341.717340302325,16.1899620969918,52.5377566437501
"2334","MELIBIOSE",381.0783,180.03,0.001,1167.11516405229,304.043743542976,300.386247154366,307.701239931586,266.005068021732,342.08241906422,16.1899620969918,52.5377566437501
"2335","MELIBIOSE",365.1062,177.27,4e-04,1171.6931496732,304.40439299144,300.740009212517,308.068776770363,266.365054615792,342.443731367088,16.1899620969918,52.5377566437501
"2336","MELIBIOSE",341.1076,178.06,3e-04,1176.27113529412,304.761308823187,301.090102153338,308.432515493035,266.721312582512,342.801305063861,16.1899620969918,52.5377566437501
"2352","METHYL GALACTOSIDE",217.0681,145.4,0.001,1180.84912091503,305.114518951458,301.43655360512,308.792484297796,267.073869842029,343.155168060886,16.1899620969918,52.5377566437501
"2406","N-Acetyl-D-glucosamine",244.0797,158.85,6e-04,1185.42710653595,305.464051334178,301.779391233155,309.1487114352,267.422754357893,343.505348310462,16.1899620969918,52.5377566437501
"2407","N-Acetyl-D-mannosamine",244.0797,153.31,4e-04,1190.00509215686,305.809933966675,302.11864273277,309.50122520058,267.767994129814,343.851873803535,16.1899620969918,52.5377566437501
"2417","N-ACETYLGALACTOSAMINE",244.0792,150.3,0.001,1194.58307777778,306.152194874564,302.454335822494,309.850053926634,268.109617186574,344.194772562554,16.1899620969918,52.5377566437501
"2418","N-ACETYLGALACTOSAMINE",260.0531,151.4,0.001,1199.16106339869,306.490862106784,302.786498237398,310.19522597617,268.447651579088,344.534072634481,16.1899620969918,52.5377566437501
"2419","N-ACETYLGLUCOSAMINE",220.0875,152.5,0.002,1203.73904901961,306.82596372879,303.115157722564,310.536769735017,268.782125373629,344.869802083952,16.1899620969918,52.5377566437501
"2420","N-ACETYLGLUCOSAMINE",244.0795,150.7,0.001,1208.31703464052,307.157527815902,303.440342026713,310.87471360509,269.113066645198,345.201988986605,16.1899620969918,52.5377566437501
"2421","N-ACETYLGLUCOSAMINE",244.0795,157.8,0.001,1212.89502026144,307.485582446803,303.76207889598,311.209085997626,269.440503471056,345.53066142255,16.1899620969918,52.5377566437501
"2428","N-ACETYLMANNOSAMINE",244.0816,150.2,0.001,1217.47300588235,307.810155697198,304.080396067827,311.539915326568,269.7644639244,345.855847469995,16.1899620969918,52.5377566437501
"2431","N-ACETYLNEURAMINATE",310.1131,166.5,0.004,1222.05099150327,308.131275633612,304.395321265114,311.867230002109,270.084976068197,346.177575199027,16.1899620969918,52.5377566437501
"2432","N-ACETYLNEURAMINATE",308.1018,158.5,0.001,1226.62897712418,308.44897030735,304.706882190302,312.191058424397,270.402067949161,346.495872665538,16.1899620969918,52.5377566437501
"2433","N-ACETYLNEURAMINATE",308.1018,163.8,0.001,1231.2069627451,308.763267748594,305.015106519804,312.511428977384,270.715767591884,346.810767905303,16.1899620969918,52.5377566437501
"2434","N-ACETYLNEURAMINATE",332.0948,168.7,0.001,1235.78494836601,309.074195960658,305.320021898476,312.82837002284,271.026102993113,347.122288928203,16.1899620969918,52.5377566437501
"2435","N-ACETYLNEURAMINATE",330.0859,171.4,0.001,1240.36293398693,309.381782914381,305.621655934252,313.14190989451,271.333102116165,347.430463712596,16.1899620969918,52.5377566437501
"2520","Neomycin B",637.302,236.5,0.0012,1244.94091960784,309.686056542665,305.920036192909,313.452076892422,271.636792885499,347.735320199832,16.1899620969918,52.5377566437501
"2521","Neomycin B",615.3201,235.87,0.001,1249.51890522876,309.987044735163,306.215190192979,313.758899277347,271.937203181416,348.036886288909,16.1899620969918,52.5377566437501
"2571","Nystatin",964.4672,305.97,0.0012,1254.09689084967,310.284775333096,306.507145400789,314.062405265403,272.234360834917,348.335189831275,16.1899620969918,52.5377566437501
"2572","Nystatin",948.4932,308.53,0.0012,1258.67487647059,310.579276124222,306.795929225642,314.362623022803,272.528293622679,348.630258625766,16.1899620969918,52.5377566437501
"2573","Nystatin",908.5007,302.21,0.0011,1263.2528620915,310.870574837936,307.081569015123,314.65958066075,272.81902926219,348.922120413683,16.1899620969918,52.5377566437501
"2574","Nystatin (conf 1)",926.5113,314.42,0.0013,1267.83084771242,311.158699140506,307.364092050543,314.95330623047,273.106595407007,349.210802874006,16.1899620969918,52.5377566437501
"2575","Nystatin (conf 2)",926.5113,302.6,0.0012,1272.40883333333,311.443676630447,307.643525542508,315.243827718386,273.39101964215,349.496333618744,16.1899620969918,52.5377566437501
"2629","PALATINOSE",341.1078,177.85,0.002,1276.98681895425,311.725534834028,307.919896626623,315.531173041432,273.672329479636,349.778740188419,16.1899620969918,52.5377566437501
"2630","PALATINOSE",381.0782,177.63,0.0012,1281.56480457516,312.004301200906,308.193232359311,315.815370042501,273.950552354134,350.058050047677,16.1899620969918,52.5377566437501
"2631","PALATINOSE",365.1052,176.01,6e-04,1286.14279019608,312.280003099896,308.463559713766,316.096446486026,274.225715618754,350.334290581037,16.1899620969918,52.5377566437501
"2632","Palatinose Hydrate",341.1084,171.73,0.0022,1290.72077581699,312.552667814863,308.730905576027,316.374430053698,274.497846540969,350.607489088757,16.1899620969918,52.5377566437501
"2633","Palatinose Hydrate",365.106,175.65,0.0014,1295.29876143791,312.822322540744,308.995296741172,316.649348340315,274.766972298651,350.877672782837,16.1899620969918,52.5377566437501
"3057","PSICOSE",203.0545,137.59,5e-04,1299.87674705882,313.088994379692,309.256759909631,316.921228849752,275.033119976239,351.144868783144,16.1899620969918,52.5377566437501
"3113","RAFFINOSE",527.1584,208.9,0.001,1304.45473267974,313.352710337342,309.515321683618,317.190098991065,275.296316561032,351.409104113651,16.1899620969918,52.5377566437501
"3114","RAFFINOSE",503.1621,197.3,0,1309.03271830065,313.613497319202,309.77100856368,317.455986074723,275.55658893959,351.670405698813,16.1899620969918,52.5377566437501
"3125","RHAMNOSE",187.0576,139.2,0.001,1313.61070392157,313.871382127156,310.02384694536,317.718917308951,275.813963894267,351.928800360044,16.1899620969918,52.5377566437501
"3126","RIBITOL",151.0606,139.2,0.0014,1318.18868954248,314.126391456089,310.273863115971,317.978919796208,276.068468099852,352.184314812327,16.1899620969918,52.5377566437501
"3127","RIBITOL",175.0584,136.16,8e-04,1322.7666751634,314.378551890628,310.52108325148,318.236020529777,276.320128120327,352.43697566093,16.1899620969918,52.5377566437501
"3136","RIBOSE",173.0417,135.17,4e-04,1327.34466078431,314.62788990199,310.765533413509,318.49024639047,276.568970405741,352.686809398238,16.1899620969918,52.5377566437501
"3137","Ribose 5P",253.0089,152.91,0.0043,1331.92264640523,314.874431844944,311.007239546431,318.741624143457,276.81502128919,352.933842400699,16.1899620969918,52.5377566437501
"3159","Roxithromycin",837.5311,289.78,0.0015,1336.50063202614,315.118203954891,311.246227474581,318.990180435201,277.058306983908,353.178100925875,16.1899620969918,52.5377566437501
"3160","Roxithromycin",875.4859,281.51,0.0014,1341.07861764706,315.359232345037,311.482522899567,319.235941790506,277.298853580468,353.419611109605,16.1899620969918,52.5377566437501
"3161","Roxithromycin",859.5129,280.11,0.0014,1345.65660326797,315.597543003681,311.716151397685,319.478934609677,277.536687044087,353.658398963274,16.1899620969918,52.5377566437501
"3162","Roxithromycin",837.5293,266.8,0.0013,1350.23458888889,315.833161791607,311.947138417427,319.719185165787,277.77183321203,353.894490371183,16.1899620969918,52.5377566437501
"3163","Roxithromycin",837.5317,277.16,0.0013,1354.8125745098,316.066114439574,312.175509277101,319.956719602048,278.004317791123,354.127911088026,16.1899620969918,52.5377566437501
"3181","SACCHARATE",231.0125,137.3,0.002,1359.39056013072,316.296426545911,312.401289162533,320.191563929289,278.23416635536,354.358686736462,16.1899620969918,52.5377566437501
"3182","SACCHARATE",209.0301,133.3,0.001,1363.96854575163,316.524123574202,312.624503124875,320.423744023529,278.461404343613,354.586842804791,16.1899620969918,52.5377566437501
"3183","SACCHARATE",233.0275,148.3,0.001,1368.54653137255,316.749230851079,312.845176078498,320.65328562366,278.686057057435,354.812404644722,16.1899620969918,52.5377566437501
"3184","SACCHARATE",249.0005,148.8,0.001,1373.12451699346,316.971773564099,313.063332798979,320.88021432922,278.908149658955,355.035397469244,16.1899620969918,52.5377566437501
"3266","Sophorose",341.1084,186.23,0.0013,1377.70250261438,317.191776759724,313.278997921182,321.104555598267,279.127707168873,355.255846350575,16.1899620969918,52.5377566437501
"3267","Sophorose",365.106,181.91,8e-04,1382.28048823529,317.409265341381,313.492195937419,321.326334745343,279.344754464538,355.473776218224,16.1899620969918,52.5377566437501
"3268","SORBITOL",181.071,131.4,0.0012,1386.85847385621,317.624264067619,313.702951195703,321.545576939534,279.55931627812,355.689211857118,16.1899620969918,52.5377566437501
"3269","SORBITOL",205.0686,142.95,8e-04,1391.43645947712,317.836797550352,313.911287898083,321.76230720262,279.771417194865,355.902177905838,16.1899620969918,52.5377566437501
"3270","SORBOSE",203.0532,139.37,3e-04,1396.01444509804,318.046890253185,314.117230099059,321.976550407311,279.981081651439,356.112698854931,16.1899620969918,52.5377566437501
"3271","SORBOSE",203.0532,143.29,2e-04,1400.59243071895,318.254566489828,314.320801704083,322.188331275572,280.188333934354,356.320799045301,16.1899620969918,52.5377566437501
"3289","STACHYOSE",665.2136,224.1,0.001,1405.17041633987,318.459850422586,314.522026468136,322.397674377035,280.393198178475,356.526502666696,16.1899620969918,52.5377566437501
"3290","STACHYOSE",689.2107,235.1,0,1409.74840196078,318.662766060937,314.720927994382,322.604604127491,280.595698365608,356.729833756265,16.1899620969918,52.5377566437501
"3295","Streptomycin",604.2554,227.8,0.0017,1414.3263875817,318.863337260181,314.9175297329,322.809144787462,280.795858323165,356.930816197197,16.1899620969918,52.5377566437501
"3296","Streptomycin",600.284,233.71,0.0013,1418.90437320261,319.061587720172,315.111854979487,323.011320460857,280.993701722909,357.129473717436,16.1899620969918,52.5377566437501
"3297","Streptomycin",582.2735,230.4,0.0012,1423.48235882353,319.257540984122,315.303926874537,323.211155093706,281.189252079769,357.325829888475,16.1899620969918,52.5377566437501
"3307","SUCROSE",341.1084,168.17,3e-04,1428.06034444444,319.451220437477,315.493768401991,323.408672472964,281.382532750732,357.519908124223,16.1899620969918,52.5377566437501
"3308","SUCROSE",381.0785,175.4,3e-04,1432.63833006536,319.642649306871,315.681402388348,323.603896225393,281.573566933804,357.711731679937,16.1899620969918,52.5377566437501
"3309","SUCROSE",365.1061,173.86,2e-04,1437.21631568627,319.83185065914,315.866851501758,323.796849816523,281.762377667045,357.901323651235,16.1899620969918,52.5377566437501
"3340","TARTRATE",173.004,137.6,0.003,1441.79430130719,320.018847400419,316.050138251166,323.987556549671,281.948987827665,358.088706973172,16.1899620969918,52.5377566437501
"3342","TARTRATE",149.0097,117.8,0.002,1446.3722869281,320.203662275287,316.231284985533,324.176039565042,282.133420131193,358.273904419382,16.1899620969918,52.5377566437501
"3344","TARTRATE",149.0093,118.1,0.002,1450.95027254902,320.386317866,316.410313893113,324.362321838886,282.315697130711,358.456938601289,16.1899620969918,52.5377566437501
"3544","TREHALOSE",381.0754,179.7,0.002,1455.52825816993,320.566836591763,316.587247000792,324.546426182733,282.495841216144,358.637831967381,16.1899620969918,52.5377566437501
"3545","TREHALOSE",365.102,175.7,0.001,1460.10624379085,320.745240708086,316.762106173488,324.728375242684,282.673874613624,358.816606802547,16.1899620969918,52.5377566437501
"3546","TREHALOSE",341.1108,169.9,0,1464.68422941176,320.921552306188,316.934913113612,324.908191498765,282.849819384904,358.993285227473,16.1899620969918,52.5377566437501
"3547","Trehalose 6-Phosphate Dipotassium Salt",445.0723,190.62,9e-04,1469.26221503268,321.095793312464,317.10568936058,325.085897264349,283.023697426834,359.167889198095,16.1899620969918,52.5377566437501
"3548","Trehalose 6-Phosphate Dipotassium Salt",421.0747,180.64,8e-04,1473.84020065359,321.267985488008,317.274456290387,325.261514685629,283.195530470896,359.340440505121,16.1899620969918,52.5377566437501
"3809","Xylitol",151.0606,127.28,0.0045,1478.41818627451,321.438150428195,317.441235115233,325.435065741158,283.365340082795,359.510960773595,16.1899620969918,52.5377566437501
"3810","Xylitol",175.0582,139.46,0.0034,1482.99617189542,321.606309562315,317.606046883195,325.606572241435,283.533147662103,359.679471462527,16.1899620969918,52.5377566437501
"3811","XYLITOL",175.0577,135.4,0.0011,1487.57415751634,321.772484153261,317.768912477964,325.776055828559,283.698974441953,359.845993864569,16.1899620969918,52.5377566437501
"3812","XYLITOL",151.0607,124.8,9e-04,1492.15214313725,321.936695297271,317.929852618618,325.943537975924,283.862841488794,360.010549105748,16.1899620969918,52.5377566437501
"3813","Xylobiose",281.0873,166.1,0.0039,1496.73012875817,322.098963923717,318.088887859455,326.109039987978,284.024769702184,360.173158145249,16.1899620969918,52.5377566437501
"3814","Xylobiose",305.0848,165.83,6e-04,1501.30811437908,322.259310794944,318.246038589864,326.272583000023,284.184779814643,360.333841775244,16.1899620969918,52.5377566437501
"3815","XYLOSE",173.0417,134.94,0.0012,1505.8861,322.417756506159,318.401325034249,326.434187978069,284.342892391544,360.492620620773,16.1899620969918,52.5377566437501
