"","Compound","m/z","CCS/z","rsd","X curve","Y curve","CI lo","CI hi","PI lo","PI hi"
"460","AADALLLK or DIVGAVLK",814.504,289.19,0.13,288.204,143.127670404985,137.010992042178,149.244348767792,90.761096975592,195.494243834378
"461","FAAYLER",435.2297,158.37,0.54,293.313201581028,144.832023845669,138.777853135249,150.886194556088,92.4727148210751,197.191332870262
"462","AADALLLK or DIVGAVLK",814.504,275.57,0.13,298.422403162055,146.52072717663,140.528230570925,152.513223782336,94.1685135260943,198.872940827166
"463","AAGHDGK",655.316,246.63,0.27,303.531604743083,148.194188415679,142.262546407527,154.125830423831,95.8489055770621,200.539471254297
"564","ADH",444.282,203.87,0.1,308.640806324111,149.85279828267,143.981204603364,155.724391961975,97.5142859721649,202.191310593174
"576","ADTR",462.2312,205.6,0.11,313.750007905138,151.496931205925,145.684592064954,157.309270346897,99.1650332388952,203.828829172955
"580","AEFVEVTK",922.489,292.94,0.14,318.859209486166,153.12694625474,147.373079618229,158.880812891251,100.801510376835,205.452382132645
"582","AFDEK",631.2703,244.11,0.36,323.968411067194,154.743188004468,149.047022909509,160.439353099427,102.424065732291,207.062310276645
"584","AFDEK",609.288,237.55,0.15,329.077612648221,156.345987340064,150.706763242364,161.985211437765,104.033033810694,208.658940869435
"627","AMGYR",597.282,241.23,0.25,334.186814229249,157.935662203341,152.352628355853,163.51869605083,105.628736032095,210.242588374587
"665","AEFVEVTK",461.7479,161.88,0.51,339.296015810277,159.512518288672,153.984933149091,165.040103428253,107.21148143454,211.813555142804
"666","ANELLINVK",1013.599,322.29,0.13,344.405217391304,161.076849691429,155.6039803566,166.549719026258,108.781567329651,213.372132053207
"667","APNDFNLK",459.7379,161.96,0.5,349.514418972332,162.62893951301,157.210061178481,168.047817847539,110.339279914324,214.918599111695
"675","ANGTTVLVGMPAGAK",1386.741,364.53,0.12,354.62362055336,164.169060425955,158.80345586906,169.53466498285,111.884894842071,216.453226009838
"676","ANIDVK",659.373,246.21,0.13,359.732822134387,165.697475202316,160.384434287315,171.010516117317,113.41867775721,217.976272647422
"705","DIPVPKPK",447.2767,167.97,0.13,364.842023715415,167.214437208161,161.953256412087,172.475618004236,114.940884794814,219.487989621509
"706","APNDFNLK",918.468,297.87,0.13,369.951225296443,168.720190866823,163.51017282481,173.930208908836,116.451763049066,220.98861868458
"707","DIVGAVLK or AADALLLK",407.7556,160.6,0.57,375.06042687747,170.214972093266,165.055425162247,175.374519024285,117.951551012405,222.478393174127
"782","ATEEQLK (peak 1)",818.426,277.79,0.12,380.169628458498,171.699008701751,166.5892465415,176.808770862001,119.440478987681,223.95753841582
"784","AVDDFLISLDGTANK",1578.801,391.9,0.15,385.278830039526,173.172520788763,168.111861959364,178.233179618163,120.918769475297,225.426272102229
"785","EALDFFAR",484.7457,169.19,0.48,390.388031620553,174.635721093023,169.623488667916,179.64795351813,122.386637537182,226.884804648864
"786","AWEVTVK",832.457,277.55,0.12,395.497233201581,176.088815334216,171.124336528084,181.053294140349,123.844291139249,228.333339529183
"787","GVIFYESHGK",568.7907,180.57,0.41,400.606434782609,177.532002531982,172.614608342766,182.449396721197,125.291931473893,229.77207359007
"788","AWSVAR",689.373,255.48,0.17,405.715636363636,178.965475306519,174.094500170973,183.836450442066,126.729753263907,231.201197349132
"904","GYNAQEYYDR",639.7732,193.1,0.35,410.824837944664,180.389420162116,175.564201624327,185.214638699904,128.157945049121,232.62089527511
"905","HLVDEPQNLIK",653.362,195.65,0.34,415.934039525692,181.804017754742,177.023896147151,186.584139362333,129.57668945695,234.031346052534
"906","IGDYAGIK",418.7295,159.39,0.56,421.043241106719,183.209443144815,178.47376128128,187.945125008349,130.98616345793,235.432722831699
"907","IGEEYISDLDQLR",775.8888,213.33,0.29,426.152442687747,184.605866036104,179.91396891665,189.297763155557,132.386538607253,236.825193464954
"908","IGSEVYHNLK",580.3092,183.5,0.39,431.261644268775,185.993451001706,181.344685528614,190.642216474798,133.777981273226,238.208920730186
"909","IHSEILK",420.2532,166.59,0.55,436.370845849802,187.372357697932,182.7660724029,191.978642992965,135.160652853509,239.584062542356
"910","LGEYGFQNALIVR",740.4016,207.46,0.3,441.48004743083,188.742741066882,184.178285849009,193.307196284755,136.534709979913,240.950772153851
"911","LLSYVDDEAFIR",720.8724,205.35,0.32,446.589249011858,190.104751528432,185.581477402848,194.628025654016,137.900304712503,242.309198344361
"912","LVNELTEFAK",582.3193,183.09,0.4,451.698450592885,191.458535162304,186.975794019272,195.941276305337,139.257584723664,243.659485600945
"913","NLAENISR",458.7463,167.06,0.5,456.807652173913,192.804233880835,188.361378255222,197.247089506447,140.606693472766,245.001774288904
"914","SISIVGSYVGNR",626.3385,190.74,0.36,461.916853754941,194.141985593012,189.738368444053,198.54560274197,141.947770372007,246.336200814017
"915","TVMENFVAFVDK",700.3502,202.78,0.33,467.026055335968,195.471924360323,191.106898861614,199.836949859031,143.280950943971,247.662897776675
"916","VAAAFPGDVDR",559.2857,178.46,0.41,472.135256916996,196.794180544896,192.467099884617,201.121261205174,144.606366971394,248.981994118397
"917","VIFLENYR",527.2903,179.62,0.44,477.244458498024,198.108880950403,193.819098141781,202.398663759026,145.924146639619,250.293615261188
"918","VLYPNDNFFEGK",721.8515,216.08,1.17,482.353660079051,199.416148956152,195.163016658197,203.669281254107,147.234414672153,251.597883240151
"919","VVGLSTLPEIYEK",724.4061,205.02,0.31,487.462861660079,200.716104644754,196.498974993356,204.933234296152,148.537292459743,252.894916829765
"920","YDLDFK",400.6952,153.99,0.13,492.572063241107,202.008864923754,197.82708937321,206.190640474298,149.832898183337,254.184831664171
"921","YEFGIFNQK",573.2852,181.83,0.4,497.681264822134,203.294543641561,199.147472816658,207.441614466464,151.121346931289,255.467740351833
"922","YGNPWEK",447.2118,167.74,0.15,502.790466403162,204.573251697997,200.460235256777,208.686268139217,152.40275081112,256.743752584875
"923","YVVDTSK",406.2137,154.23,0.14,507.89966798419,205.845097149778,201.765483657139,209.924710642418,153.677219056154,258.012975243403
"924","AWEVTVK",416.7321,157.35,0.55,513.008869565217,207.110185311194,203.06332212348,211.157048498908,154.944858127306,259.275512495082
"925","TIAQYAR",411.7273,160.56,0.57,518.118071146245,208.368618850262,204.353852011033,212.383385689491,156.205771810292,260.531465890233
"926","HLADLSK",392.2219,161.05,0.12,523.227272727273,209.620497880598,205.637172027744,213.603823733453,157.460061308499,261.780934452698
"1242","DAFLGSFLYEYSR",1567.7432,392.19,0.2,528.3364743083,210.865920049231,206.913378333641,214.818461764822,158.707825331772,263.024014766691
"1257","DDSPDLPK",886.416,285.04,0.15,533.445675889328,212.104980620583,208.182564636553,216.027396604613,159.949160181309,264.260801059856
"1320","DFNVGGYIQAVLDR",1566.792,393.16,0.15,538.554877470356,213.337772556811,209.444822284391,217.230722829231,161.184159830889,265.491385282734
"1321","VLVDLER",422.2506,162.81,0.56,543.664079051383,214.564386594713,210.700240354189,218.428532835237,162.412916004612,266.715857184814
"1322","DFYELEPHK (peak 1)",1177.553,343.67,0.16,548.773280632411,215.784911319357,211.948905738057,219.620916900658,163.635518251348,267.934304387367
"1330","DHLVGR",696.379,246.88,0.14,553.882482213439,216.999433234625,213.190903226227,220.807963243022,164.85205401604,269.146812453209
"1358","DIPVPKPK (peak 1)",893.546,289.09,0.17,558.991683794466,218.208036830802,214.426315587328,221.989758074275,166.062608708048,270.353464953556
"1368","DLGEEHFK",974.4583,176.19,0.38,564.100885375494,219.410804649389,215.655223646024,223.166385652753,167.267265766658,271.554343532119
"1376","DPK",341.1825,120.99,1.1,569.210086956522,220.607817345251,216.877706358134,224.337928332367,168.466106723924,272.749527966577
"1377","DQK",390.1989,189.68,0.13,574.319288537549,221.79915374625,218.093840883357,225.504466609143,169.659211264944,273.939096227556
"1381","DVAK",432.2458,204.4,0.14,579.428490118577,222.984890910481,219.303702655681,226.66607916528,170.846657285728,275.123124535233
"1382","DVCK",464.218,202.52,0.18,584.537691699605,224.165104181221,220.507365451582,227.822842910859,172.028520948751,276.301687413691
"1383","DYYFALAHTVR",1355.675,375.11,0.18,589.646893280632,225.339867239717,221.704901456083,228.97483302335,173.204876736311,277.474857743122
"1384","YLYEIAR",464.2506,169.88,0.5,594.75609486166,226.509252155898,222.896381326741,230.122122985055,174.375797501807,278.642706809989
"1385","TNFDAFPDK",527.7462,169.98,0.43,599.865296442688,227.673329437124,224.081874255627,231.264784618621,175.541354519012,279.805304355236
"1386","EALDFFAR",968.484,301.41,0.13,604.974498023715,228.832168075055,225.261448029352,232.402888120758,176.701617529461,280.962718620649
"1387","ANELLINVK",507.3034,176.29,0.46,610.083699604743,229.985835590734,226.435169087178,233.536502094291,177.856654788026,282.115016393443
"1388","EDLIAYLK",964.5349,307.47,0.04,615.192901185771,231.13439807796,227.603102577247,234.665693578673,179.006533106763,283.262263049157
"1389","EDLIAYLK",482.7711,170.49,0.02,620.302102766798,232.277920245034,228.76531241098,235.790528079089,180.151317897118,284.404522592951
"1390","EELFR",693.357,253.5,0.15,625.411304347826,233.416465454956,229.921861315641,236.911069594271,181.291073210557,285.541857699356
"1391","EETLMEYLENPK",1495.6985,386.8,0.07,630.520505928854,234.550095764128,231.07281088511,238.027380643146,182.425861777701,286.674329750556
"1392","EETLMEYLENPK",748.3529,207.12,0.05,635.629707509881,235.678871959648,232.218221628863,239.139522290434,183.555745046023,287.801998873274
"1393","EIWGVEPSR",1072.543,313.55,0.12,640.738909090909,236.802853595245,233.358153019178,240.247554171312,184.680783216175,288.924923974315
"1395","ELR",417.246,200.39,0.12,645.848110671937,237.922099025919,234.492663536577,241.351534515261,185.801035277013,290.043162774825
"1415","EWTR",591.289,229.89,0.15,650.957312252964,239.036665441343,235.621810713495,242.451520169191,186.916559039358,291.156771843328
"1416","EYK",439.219,203.27,0.18,656.066513833992,240.14660889808,236.745651176193,243.547566619967,188.027411168568,292.265806627593
"1418","FAAYLER",869.452,292.37,0.14,661.17571541502,241.251984350667,237.864240684913,244.639728016421,189.133647215961,293.370321485372
"1426","FGER or VYAR or DPVR(Na)",508.252,217.34,0.14,666.284916996048,242.352845681607,238.977634172261,245.728057190954,190.23532164914,294.470369714075
"1430","FLNR",549.315,231.13,0.12,671.394118577075,243.449245730333,240.085885779848,246.812605680819,191.332487881264,295.566003579402
"1445","FPK",373.224,184.36,0.33,676.503320158103,244.541236321163,241.189048893159,247.893423749167,192.425198299318,296.657274343008
"1453","DFYELEPHK",589.2801,191.64,0.47,681.61252173913,245.628868290308,242.287176174673,248.970560405943,193.51350429141,297.744232289207
"1454","FSSDR",611.279,233.83,0.13,686.721723320158,246.712191511965,243.380319595233,250.044063428698,194.597456273153,298.826926750778
"1458","GLAGVENVTELK",615.3407,193.39,0.36,691.830924901186,247.791254923529,244.468530463668,251.113979383389,195.677103713151,299.905406133906
"1459","VFADYEEYVK",631.8009,194.2,0.36,696.940126482213,248.866106549961,245.551859454689,252.180353645234,196.752495157634,300.979717942289
"1460","FVVPR (peak 1)",617.377,245.76,0.21,702.049328063241,249.936793527361,246.630356635057,253.243230419665,197.823678254286,302.049908800436
"1461","FVVPR (peak 2)",617.377,251.37,0.18,707.158529644269,251.003362125747,247.704071488053,254.302652763441,198.890699775278,303.116024476216
"1462","FWGK",537.283,235.05,0.19,712.267731225297,252.065857771105,248.773052936268,255.358662605943,199.953605639555,304.178109902656
"1463","FWGK",559.2645,232.84,0.21,717.376932806324,253.124325066718,249.837349362733,256.411300770703,201.012440934396,305.23620919904
"1483","GITWK",604.3453,236.33,0.05,722.486134387352,254.178807813804,250.897008630423,257.460606997185,202.067249936285,306.290365691323
"1484","GITWK",302.6763,136.71,0.08,727.595335968379,255.229349031505,251.952078100176,258.506619962834,203.118076131112,307.340621931899
"1486","GLAGVENVTELK",1229.674,322.18,0.2,732.704537549407,256.275990976231,253.002604647058,259.549377305405,204.164962233728,308.387019718735
"1487","VLYPNDNFFEGK",721.8515,203.45,0.31,737.813739130435,257.3187751604,254.048634675215,260.588915645585,205.207950206895,309.429600113905
"1490","SPIK",444.2822,205.61,0.13,742.922940711463,258.357742370586,255.090214131272,261.6252706099,206.247081279628,310.468403461544
"1491","GLVK",416.2873,206.69,0.12,748.03214229249,259.392932685111,256.127388516328,262.658476853894,207.282395964979,311.503469405243
"1493","DYYFALAHTVR",678.3411,209.75,0.33,753.141343873518,260.424385491086,257.160202896596,263.688568085576,208.313934077266,312.534836904907
"1495","WIR",474.2829,214.2,0.1,758.250545454546,261.452139500933,258.188701912755,264.715577089111,209.341734748773,313.562544253092
"1497","GVFR",478.2778,215.42,0.14,763.359747035573,262.4762327684,259.212929788079,265.739535748721,210.365836445945,314.586629090855
"1498","FGER",508.252,219.2,0.25,768.468948616601,263.4967027041,260.23293033541,266.760475072789,211.386276985089,315.607128423111
"1500","NFNR",550.2738,225.14,0.14,773.578150197628,264.513586090569,261.248746963037,267.778425218102,212.403093547602,316.624078633537
"1501","VYAR",508.2883,227.27,0.11,778.687351778656,265.526919096891,262.260422679559,268.793415514223,213.416322694754,317.637515499028
"1504","MVIR",518.3124,229.19,0.13,783.796553359684,266.536737292871,263.268000097807,269.805474487935,214.426000382016,318.647474203726
"1505","MIIK",504.3219,229.49,0.12,788.905754940712,267.543075662808,264.271521437892,270.814629887724,215.432161972982,319.653989352634
"1507","FWGK",537.2825,232.32,0.15,794.014956521739,268.54596861885,265.271028529459,271.820908708242,216.434842252871,320.65709498483
"1508","FLNR",549.3149,233.27,0.11,799.124158102767,269.54545001397,266.266562813213,272.824337214728,217.434075441644,321.656824586296
"1509","VASLR",545.3411,233.43,0.12,804.233359683795,270.541553154563,267.258165341809,273.824940967316,218.429895206739,322.653211102386
"1511","LEYK",552.3033,235.82,0.12,809.342561264822,271.534310812678,268.245876780155,274.822744845201,219.422334675438,323.646286949918
"1512","FSSDR",611.2789,236.09,0.1,814.45176284585,272.523755237911,269.229737405221,275.8177730706,220.411426446884,324.636084028937
"1514","LWSAK",604.3459,239.26,0.1,819.560964426877,273.509918168947,270.209787105408,276.810049232487,221.397202603756,325.622633734138
"1515","AFDEK",609.2884,239.28,0.12,824.670166007905,274.492830844789,271.186065379552,277.799596310027,222.379694723615,326.605966965964
"1518","GQIVGR",629.3735,245.64,0.13,829.779367588933,275.472524015664,272.158611335633,278.786436695695,223.358933889931,327.586114141396
"1519","IPELR",627.383,247.22,0.13,834.88856916996,276.449027953628,273.127463689235,279.77059221802,224.334950702807,328.563105204448
"1520","FVVPR",617.3775,248.88,0.1,839.997770750988,277.422372462879,274.092660761835,280.752084163924,225.3077752894,329.536969636359
"1521","VSLAEK",646.3775,249,0.11,845.106972332016,278.392586889787,275.054240478956,281.730933300618,226.277437314057,330.507736465517
"1524","LDWDK",676.3306,252.93,0.14,850.216173913044,279.359700132643,276.012240368262,282.707159897024,227.243965988182,331.475434277104
"1525","FVVPR",617.3775,254.59,0.2,855.325375494071,280.323740651152,276.966697557611,283.680783744692,228.207390079821,332.440091222483
"1530","VSALYK",680.3983,262.67,0.14,860.434577075099,281.284736475663,277.917648773141,284.651824178186,229.167737922998,333.401735028328
"1532","TVMIGGK",705.3969,263.07,0.15,865.543778656127,282.242715216157,278.865130337407,285.620300094907,230.125037426801,334.360393005513
"1538","NVPLYK",733.4248,268.77,0.18,870.652980237154,283.197704070987,279.809178167621,286.586229974353,231.079316084214,335.316092057759
"1541","GVLHAVK",723.4517,269.94,0.14,875.762181818182,284.149729835394,280.749827774017,287.549631896771,232.030600980731,336.268858690057
"1558","YDLDFK",800.383,273.71,0.14,880.871383399209,285.098818909795,281.687114258376,288.510523561214,232.978918802729,337.21871901686
"1623","GLVK",416.287,242.04,0.12,885.980584980237,286.044997307851,282.621072312735,289.468922302967,233.924295845628,338.165698770074
"1645","GNPTVEVELTTEK",1416.722,337.33,0.14,891.089786561265,286.98829066433,283.551736218301,290.424845110359,234.866758021837,339.109823306824
"1646","GQIVGR",629.373,277.79,0.14,896.198988142293,287.928724242763,284.479139844591,291.378308640934,235.806330868493,340.051117617032
"1684","GVFR",478.278,221.24,0.12,901.30818972332,288.866322942899,285.403316648809,292.329329236989,236.743039555003,340.989606330795
"1685","YVVDTSK",811.4201,275.16,0.15,906.417391304348,289.801111307979,286.324299675474,293.277922940484,237.676908890389,341.925313725569
"1687","GVIFYESHGK",1136.574,300.68,0.14,911.526592885376,290.733113531812,287.242121556312,294.224105507313,238.607963330446,342.858263733179
"1689","GVLHAVK",723.452,282.81,0.15,916.635794466403,291.662353465685,288.156814510412,295.167892420958,239.536226984726,343.788479946643
"1691","GYNAQEYYDR",1278.539,329.66,0.19,921.744996047431,292.588854625082,289.068410344651,296.109298905513,240.461723623332,344.715985626832
"1924","HLADLSK",783.436,291.71,0.14,926.854197628458,293.512640196254,289.976940454396,297.048339938113,241.384476683557,345.640803708952
"1926","HLHFTLVK",994.584,305.52,0.14,931.963399209486,294.433733042611,290.882435824474,297.985030260747,242.304509276344,346.562956808878
"1927","HLQIIYEINQR",1426.781,363.24,0.14,937.072600790514,295.352155710957,291.784927030412,298.919384391503,243.221844192597,347.482467229318
"1931","HLVDEPQNLIK (peak 1)",1305.717,356.66,0.18,942.181802371542,296.267930437581,292.684444239941,299.851416635222,244.136503909328,348.399356965834
"1932","HLVDEPQNLIK (peak 2)",1305.717,351.7,0.11,947.291003952569,297.181079154186,293.581017214762,300.78114109361,245.048510595657,349.313647712714
"1951","HPEYAVSVLLR",1283.711,370.05,0.18,952.400205533597,298.091623493681,294.474675312563,301.708571674799,245.957886118667,350.225360868694
"1972","IATAIEK",767.428,294.02,0.23,957.509407114625,298.999584795831,295.365447489277,302.633722102386,246.864652049113,351.13451754255
"1973","LNQLLR",756.4732,276.02,0.12,962.618608695652,299.904984112772,296.253362301581,303.556605923962,247.768829666995,352.041138558549
"1974","IATAIEK (peak 1)",745.446,272.82,0.18,967.72781027668,300.807842214386,297.138447909613,304.477236519159,248.670439966999,352.945244461773
"1977","IETMR or CASIQK",649.3639,261.94,0.16,972.837011857707,301.70817959356,298.020732079908,305.395627107213,249.569503663806,353.846855523315
"1978","IFVQK",634.3922,248.88,0.06,977.946213438735,302.606016471311,298.900242188533,306.311790754088,250.466041197277,354.745991745345
"1979","IFVQK",317.6998,142.75,0.09,983.055415019763,303.501372801789,299.777005224419,307.22574037916,251.360072737509,355.64267286607
"1980","IGDYAGIK",836.452,290.73,0.11,988.164616600791,304.394268277173,300.651047792865,308.13748876148,252.251618189782,356.536918364564
"1983","IGLDCASSEFFK",1338.5811,331.99,0.14,993.273818181818,305.284722332437,301.522396119215,309.047048545659,253.140697199382,357.428747465492
"1985","LVTDLTK",789.4722,276.62,0.12,998.383019762846,306.172754150022,302.391076052689,309.954432247354,254.027329156319,358.318179143724
"1986","IGSEVYHNLK (peak 1)",1159.611,322.51,0.13,1003.49222134387,307.058382664382,303.257113070352,310.859652258411,254.911533199928,359.205232128836
"1987","IHEYK",689.336,284.29,0.14,1008.6014229249,307.941626566443,304.120532281225,311.762720851661,255.793328223367,360.089924909519
"1989","IHSEILK",839.499,284.01,0.13,1013.71062450593,308.822504307946,304.9813584305,312.663650185393,256.672732878018,360.972275737875
"2047","IPELR",627.383,244.85,0.14,1018.81982608696,309.701034105699,305.839615903876,313.562452307522,257.549765577778,361.85230263362
"2202","LDWDK",676.331,250.93,0.13,1023.92902766798,310.577233945728,306.695328731987,314.459139159468,258.424444503259,362.730023388196
"2221","LEYK",552.303,233.47,0.14,1029.03822924901,311.451121587336,307.548520594907,315.353722579765,259.296787605891,363.605455568781
"2222","LGANAILGVSLAASR",1412.822,411.95,0.17,1034.14743083004,312.322714567074,308.39921482674,316.246214307409,260.166812611932,364.478616522216
"2223","LGEYGFQNALIVR",1479.796,377.08,0.14,1039.25663241107,313.192030202618,309.247434420269,317.136625984966,261.034537026392,365.349523378844
"2248","IATAIEK",745.446,277.54,0.19,1044.36583399209,314.059085596561,310.093202031662,318.024969161461,261.899978136863,366.218193056259
"2249","LLSYVDDEAFIR",1440.737,382.76,0.13,1049.47503557312,314.923897640125,310.936539985213,318.911255295038,262.763153017275,367.084642262975
"2252","LNQLLR",756.473,273.35,0.13,1054.58423715415,315.786483016786,311.777470278131,319.795495755441,263.624078531557,367.948887502015
"2254","LPAPDEK",391.2342,272.47,0.21,1059.69343873518,316.646858205823,312.61601458535,320.677701826295,264.482771337224,368.810945074421
"2255","LPAPDEK (peak 1)",769.41,264.95,0.16,1064.80264031621,317.505039485787,313.452194264353,321.557884707221,265.33924788889,369.670831082684
"2265","LR",288.204,172,0.12,1069.91184189723,318.3610429379,314.286030360017,322.436055515783,266.193524441695,370.528561434105
"2273","LVNELTEFAK",1163.631,338.89,0.13,1075.02104347826,319.214884449372,315.117543609451,323.312225289294,267.045617054665,371.384151844079
"2277","LVTDLTK",789.472,274.23,0.13,1080.13024505929,320.066579716655,315.946754446838,324.186404986472,267.895541593998,372.237617839313
"2278","LVVSTQTALA",1024.565,316.06,0.13,1085.23944664032,320.916144248622,316.773683008267,325.058605488977,268.743313736278,373.088974760967
"2279","LVVSTQTALA",1002.584,309.54,0.13,1090.34864822134,321.763593369681,317.598349136544,325.928837602818,269.588948971624,373.938237767738
"2281","LWSAK",604.346,237.21,0.13,1095.45784980237,322.608942222821,318.420772385988,326.797112059654,270.43246260677,374.785421838871
"2375","MIFAGIK",779.4484,275.34,0.02,1100.5670513834,323.452205772596,319.240972027195,327.663439517996,271.273869768078,375.630541777114
"2376","MIFAGIK",390.2278,152.83,0.02,1105.67625296443,324.293398808045,320.058967051781,328.527830564309,272.113185404491,376.473612211599
"2377","AADALLLK or DIVGAVLK",814.5038,278.31,0.13,1110.78545454545,325.132535945551,320.874776177077,329.390295714025,272.950424290425,377.314647600677
"2378","MIIK",504.322,227.86,0.16,1115.89465612648,325.969631631641,321.688417850794,330.250845412487,273.785601028598,378.153662234683
"2390","MSLVEEGAVK (peak 1)",1062.55,325.45,0.15,1121.00385770751,326.804700145725,322.49991025564,331.109490035809,274.618730052799,378.99067023865
"2391","MVIR",540.294,233.71,0.23,1126.11305928854,327.637755602785,323.309271313897,331.966239891673,275.449825630606,379.825685574965
"2393","MVIR",518.312,228.02,0.15,1131.22226086957,328.468811956004,324.116518691942,332.821105220066,276.278901866042,380.658722045967
"2527","NFNR",550.274,223.59,0.11,1136.33146245059,329.297882999341,324.921669804721,333.67409619396,277.105972702181,381.4897932965
"2528","NIATSGK",690.379,255.25,0.13,1141.44066403162,330.124982370053,325.724741820166,334.52522291994,277.931051923699,382.318912816407
"2529","NIATSGK",712.361,250.99,0.27,1146.54986561265,330.950123551173,326.525751663557,335.37449543879,278.754153159371,383.146093942976
"2548","NLAENISR",916.485,288.01,0.13,1151.65906719368,331.77331987393,327.32471602183,336.221923726031,279.575289884525,383.971349863336
"2550","NNVVNTMR",947.473,295.83,0.16,1156.7682687747,332.594584520122,328.121651347816,337.067517692428,280.394475423436,384.794693616807
"2564","NVATPR (peak 1)",657.368,251.47,0.15,1161.87747035573,333.413930524443,328.916573864427,337.911287184459,281.211722951685,385.616138097201
"2565","NVATPR (peak 2)",657.368,240.77,0.19,1166.98667193676,334.231370776767,329.709499568781,338.753241984754,282.027045498457,386.435696055077
"2567","NVNDVIAPAFVK",1286.711,355.17,0.15,1172.09587351779,335.046918024381,330.500444236252,339.59339181251,282.840455948809,387.253380099952
"2569","NVPLYK",733.425,266.44,0.12,1177.20507509881,335.860584874173,331.289423424471,340.431746323875,283.651967045875,388.06920270247
"2570","NYQEAK",752.358,259.96,0.18,1182.31427667984,336.672383794786,332.076452477254,341.268315112319,284.461591393048,388.883176196525
"2620","AWEVTVK",832.4569,279.99,0.15,1187.42347826087,337.482327118722,332.861546528466,342.103107708979,285.269341456099,389.695312781345
"2667","TIAQYAR",822.4474,281.96,0.13,1192.5326798419,338.290427044406,333.64472050582,342.936133582992,286.075229565275,390.505624523537
"2690","TFAEALR",807.4365,283.61,0.14,1197.64188142293,339.096695638211,334.425989134613,343.767402141809,286.879267917337,391.314123359085
"2712","VLVDLER",843.494,284.77,0.15,1202.75108300395,339.901144836447,335.205366941393,344.596922731501,287.681468577573,392.120821095322
"2713","YGNPWEK",893.4157,284.84,0.15,1207.86028458498,340.703786447306,335.982868257562,345.424704637051,288.481843481765,392.925729412848
"2776","IHSEILK",839.4991,290.62,0.19,1212.96948616601,341.504632152775,336.758507222913,346.250757082637,289.280404438123,393.728859867427
"2778","NLAENISR",916.4852,290.78,0.16,1218.07868774704,342.303693510506,337.532297789104,347.075089231908,290.077163129174,394.530223891838
"2988","DIVGAVLK or AADALLLK",814.5038,291.26,0.14,1223.18788932806,343.100981955661,338.304253723068,347.897710188254,290.872131113628,395.329832797694
"3030","FAAYLER",869.4521,295.56,0.12,1228.29709090909,343.896508802711,339.074388610353,348.718628995069,291.665319828196,396.127697777226
"3034","AEFVEVTK",922.4885,295.86,0.18,1233.40629249012,344.690285247207,339.842715858403,349.537854636012,292.45674058938,396.923829905035
"3100","QEPER",658.316,242.99,0.21,1238.51549407115,345.48232236752,340.609248699778,350.355396035261,293.246404595232,397.718240139807
"3101","QIIEQLSSGFFSPK",1580.832,393.16,0.17,1243.62469565217,346.272631126538,341.374000195306,351.17126205777,294.034322927072,398.510939326004
"3102","QISVR",602.363,240.14,0.13,1248.7338972332,347.061222373348,342.136983237179,351.985461509517,294.820506551183,399.301938195512
"3103","QTALVELLK",1014.62,321.72,0.14,1253.84309881423,347.84810684487,342.898210551978,352.798003137762,295.604966320469,400.091247369272
"3200","SER",391.2284,188.66,0.18,1258.95230039526,348.633295167474,343.657694703654,353.608895631293,296.387712976081,400.878877358866
"3209","SIGGEVFIDFTK",1312.679,370.32,0.15,1264.06150197628,349.416797858556,344.415448096433,354.418147620679,297.168757149023,401.66483856809
"3210","SISIVGSYVGNR",1251.67,342.95,0.14,1269.17070355731,350.198625328099,345.171482977673,355.225767678525,297.948109361714,402.449141294484
"3235","APNDFNLK",918.4685,300.51,0.11,1274.27990513834,350.978787880189,345.925811440657,356.031764319721,298.725780029536,403.231795730842
"3334","SVYDSR",726.342,257.31,0.13,1279.38910671937,351.757295714518,346.678445427336,356.836146001699,299.50177946234,404.012811966695
"3337","YLYEIAR",927.494,303.63,0.18,1284.4983083004,352.534158927851,347.42939673101,357.638921124692,300.276117865941,404.792199989761
"3360","EALDFFAR",968.4841,303.75,0.19,1289.60750988142,353.309387515471,348.178676998953,358.44009803199,301.048805343568,405.569969687375
"3419","VIFLENYR",1053.5733,313.27,0.19,1294.71671146245,354.082991372596,348.926297734992,359.239685010201,301.819851897302,406.346130847891
"3429","TFAEALR",807.436,281.19,0.13,1299.82591304348,354.854980295772,349.672270302025,360.037690289518,302.589267429484,407.120693162059
"3430","TGPNLHGLFGR",1168.6221,331.08,0.02,1304.93511462451,355.625363984237,350.416605924491,360.834122043983,303.357061744094,407.89366622438
"3431","TGPNLHGLFGR",584.8147,184.54,0.03,1310.04431620553,356.394152041271,351.159315690786,361.628988391755,304.123244548112,408.665059534429
"3432","TGQAPGFTYTDANK",1470.6873,365.46,0.1,1315.15351778656,357.161353975508,351.90041055563,362.422297395386,304.88782545285,409.434882498166
"3433","TGQAPGFTYTDANK",735.8466,199.5,0.05,1320.26271936759,357.92697920224,352.639901342388,363.214057062093,305.650813975264,410.203144429216
"3434","TGQIK",547.333,230.46,0.15,1325.37192094862,358.691037044684,353.377798745334,364.004275344035,306.412219539239,410.96985455013
"3435","TGQIK",569.315,217.57,0.19,1330.48112252964,359.453536735237,354.11411333188,364.792960138595,307.172051476856,411.735021993618
"3515","TIAQYAR",822.447,279.35,0.14,1335.59032411067,360.214487416706,354.848855544746,365.580119288665,307.930319029637,412.498655803775
"3517","TIFK",508.3155,225.34,0.13,1340.6995256917,360.973898143513,355.582035704094,366.365760582932,308.687031349761,413.260764937266
"3520","TNFDAFPDK",1076.466,315.13,0.26,1345.80872727273,361.731777882889,356.313664009613,367.149891756165,309.44219750127,414.021358264508
"3521","TNFDAFPDK",1054.485,313.49,0.14,1350.91792885376,362.488135516033,357.043750542558,367.932520489509,310.195826461246,414.780444570821
"3523","TNGITPR (peak 1)",758.416,277.62,0.15,1356.02713043478,363.242979839268,357.772305267754,368.713654410781,310.947927120971,415.538032557564
"3524","TNGITPR (peak 2)",758.416,267.3,0.16,1361.13633201581,363.996319565159,358.499338035552,369.493301094767,311.698508287068,416.29413084325
"3525","TNGITPR (peak 3)",758.416,255.75,0.13,1366.24553359684,364.748163323632,359.224858583745,370.27146806352,312.44757868262,417.048747964644
"3526","TQQHYYEK",1096.506,318.78,0.28,1371.35473517787,365.498519663055,359.948876539446,371.048162786665,313.195146948273,417.801892377837
"3575","TVMENFVAFVDK",1399.693,377.05,0.19,1376.46393675889,366.247397051315,360.671401420924,371.823392681706,313.941221643318,418.553572459312
"3576","ANELLINVK",1013.5995,323.17,0.23,1381.57313833992,366.994803876867,361.392442639405,372.597165114328,314.685811246756,419.303796506978
"3578","TVMIGGK",705.397,260.95,0.14,1386.68233992095,367.740748449773,362.112009500835,373.369487398711,315.428924158345,420.052572741202
"3731","VAAAFPGDVDR (peak 1)",1117.564,316.24,0.13,1391.79154150198,368.485239002722,362.830111207603,374.14036679784,316.170568699631,420.799909305812
"3732","VAAAFPGDVDR (peak 2)",1117.564,325.87,0.18,1396.900743083,369.228283692024,363.54675686023,374.909810523819,316.910753114957,421.545814269091
"3755","VASLR",545.341,231.4,0.12,1402.00994466403,369.969890598605,364.261955459027,375.677825738183,317.649485572462,422.290295624748
"3756","VEDVDR (peak 1)",732.353,247.34,0.12,1407.11914624506,370.710067728968,364.975715905714,376.444419552223,318.386774165061,423.033361292876
"3758","GVIFYESHGK",1136.574,329.65,0.26,1412.22834782609,371.44882301615,365.688047005005,377.209599027295,319.122626911402,423.775019120898
"3759","VFADYEEYVK",1262.594,355.04,0.14,1417.33754940711,372.186164320657,366.398957466167,377.973371175148,319.857051756821,424.515276884493
"3760","YEFGIFNQK",1145.5631,330.67,0.14,1422.44675098814,372.922099431388,367.108455904537,378.735742958239,320.590056574269,425.254142288506
"3761","LVNELTEFAK",1163.6312,338.82,0.27,1427.55595256917,373.656636066539,367.816550843017,379.496721290061,321.321649165232,425.991622967846
"3762","VIFLENYR",1053.573,312.75,0.14,1432.6651541502,374.389781874499,368.523250713535,380.256313035463,322.051837260629,426.727726488369
"3770","VLGIDGGEGK",944.505,289.54,0.14,1437.77435573123,375.121544434725,369.228563858473,381.014525010976,322.780628521703,427.462460347747
"3771","IGSEVYHNLK",1159.6111,342.85,0.23,1442.88355731225,375.851931258607,369.932498532074,381.771363985139,323.508030540893,428.195831976321
"3772","VLVDLER",843.494,283.1,0.12,1447.99275889328,376.580949790318,370.63506290181,382.526836678825,324.234050842692,428.927848737943
"3774","HLVDEPQNLIK",1305.7166,344.14,0.23,1453.10196047431,377.308607407649,371.336265049732,383.280949765565,324.958696884495,429.658517930802
"3776","VLYPNDNFFEGK (peak 1)",1442.696,381.47,0.24,1458.21116205534,378.034911422834,372.036112973787,384.03370987188,325.681976057429,430.387846788238
"3777","VNQIGTLSESIK",1288.711,353.21,0.13,1463.32036363636,378.759869083358,372.734614589111,384.785123577605,326.403895687169,431.115842479547
"3779","HLVDEPQNLIK",1305.7166,351.25,0.28,1468.42956521739,379.483487572757,373.431777729294,385.53519741622,327.124463034752,431.842512110763
"3780","VSALYK (peak 1)",680.398,260.29,0.14,1473.53876679842,380.2057740114,374.127610147625,386.283937875175,327.843685297361,432.567862725438
"3781","VSLAEK",668.359,251.07,0.26,1478.64796837945,380.92673545726,374.822119518301,387.031351396219,328.561569609111,433.291901305409
"3782","VNQIGTLSESIK",1288.7112,352.16,0.18,1483.75716996047,381.64637890668,375.515313437628,387.777444375732,329.278123041817,434.014634771543
"3783","VSLAEK",646.378,246.71,0.14,1488.8663715415,382.364711295116,376.207199425185,388.522223165046,329.993352605749,434.736069984483
"3784","VVGLSTLPEIYEK",1447.805,387.3,0.22,1493.97557312253,383.081739497875,376.897784924969,389.26569407078,330.707265250378,435.456213745372
"3786","GLAGVENVTELK",1229.6741,353.29,0.08,1499.08477470356,383.797470330842,377.587077306521,390.007863355162,331.419867865107,436.175072796576
"3787","VFADYEEYVK",1262.5945,356.05,0.15,1504.19397628459,384.511910551193,378.275083866026,390.74873723636,332.131167279998,436.892653822387
"3788","NVNDVIAPAFVK",1286.7108,356.07,0.16,1509.30317786561,385.225066858098,378.961811827391,391.488321888805,332.841170266477,437.608963449719
"3789","WIR",474.283,212.61,0.12,1514.41237944664,385.936945893415,379.64726834331,392.226623443521,333.549883538037,438.324008248793
"3790","WMGK",521.2704,218.52,0.18,1519.52158102767,386.647554242369,380.331460496293,392.963647988445,334.257313750926,439.037794733812
"3817","YDLDFK",800.383,270.83,0.13,1524.6307826087,387.356898434226,381.014395299694,393.699401568758,334.963467504829,439.750329363623
"3820","YEFGIFNQK",1145.563,328.96,0.12,1529.73998418972,388.064984942953,381.696079698703,394.433890187204,335.66835134353,440.461618542377
"3822","TVMENFVAFVDK",1399.6931,379.85,0.15,1534.84918577075,388.771820187871,382.376520571328,395.167119804415,336.371971755578,441.171668620165
"3823","YGNPWEK",893.416,282.49,0.14,1539.95838735178,389.477410534295,383.055724729359,395.89909633923,337.07433517493,441.88048589366
"3824","GNPTVEVELTTEK",1416.7222,382.64,0.19,1545.06758893281,390.181762294163,383.733698919304,396.629825669023,337.775447981591,442.588076606736
"3825","YIPGTK",678.3821,254.75,0.06,1550.17679051383,390.884881726667,384.410449823322,397.359313630013,338.475316502244,443.29444695109
"3826","YIPGTK",339.6947,146.14,0.13,1555.28599209486,391.586775038856,385.085984060123,398.087566017589,339.173947010871,443.999603066842
"3827","LLSYVDDEAFIR",1440.7374,383.88,0.16,1560.39519367589,392.287448386248,385.760308185867,398.814588586629,339.87134572936,444.703551043136
"3828","YLYEIAR",927.494,302.54,0.15,1565.50439525692,392.986907873419,386.433428695029,399.540387051809,340.567518828109,445.406296918729
"3829","VVGLSTLPEIYEK",1447.8048,385.54,0.57,1570.61359683794,393.685159554594,387.105352021263,400.264967087925,341.262472426618,446.10784668257
"3830","YVR",437.251,202.67,0.12,1575.72279841897,394.382209434221,387.776084538241,400.988334330201,341.956212594073,446.80820627437
"3832","YVVDTSK",811.42,272.68,0.12,1580.832,395.078063467545,388.445632560482,401.710494374607,342.648745349921,447.507381585168
